ASV_ID	arc_eval	bac_eval	euk_eval	mito_eval	eval_method
00471a4e3009dc0d866c2f43e0e359b3	8e-27	2.2e-51	NA	NA	barrnap:0.9
008c8dc0ef3da54981e4571500375d34	7.7e-31	1.7e-55	NA	NA	barrnap:0.9
008d2e615ff0dae8f77a2d4e9ad06f42	3e-30	2e-59	NA	NA	barrnap:0.9
00b7da1df667132b941c4a99bc26b95b	7.5e-33	2.2e-60	NA	NA	barrnap:0.9
00cec374cdda5920f1165a734c7fa269	4.7e-31	3.2e-58	NA	NA	barrnap:0.9
00dc494f96fd90d172c8b18d0def0a59	3.4e-28	2.8e-59	NA	NA	barrnap:0.9
012ef81d3c00040a3a843b1d9f04bca3	1.8e-23	1.1e-47	NA	NA	barrnap:0.9
020f48a69f9bf40e54fbac885f94695a	3e-32	9.1e-59	NA	NA	barrnap:0.9
02aee4e2a76abd76dfb5ec553dad84b0	3.5e-31	3.5e-58	NA	NA	barrnap:0.9
02b4317d07dfa2d4bcf0b885431ba6ce	2e-33	1e-59	NA	NA	barrnap:0.9
0394a8b50dc34126bc0d41cd615bf37c	5.5e-29	2.8e-60	NA	NA	barrnap:0.9
039816547fd0ceef4d7da49f49d4295f	9.1e-30	3.9e-56	NA	NA	barrnap:0.9
03ad6281e55a5d2f7eb1a7f44a2d0fd5	1.2e-27	3.4e-52	NA	NA	barrnap:0.9
03c158e6ed853a96850767ccf0d0502b	1.3e-24	1.7e-49	NA	NA	barrnap:0.9
03d1db1ccc574034f8242e94d57eca3b	1.4e-31	2.3e-59	NA	NA	barrnap:0.9
040e76434e7d972c9d8183bf7aad267c	2e-29	1.3e-55	NA	NA	barrnap:0.9
045acd620c390c80b3447bae8b6a039b	2.5e-32	6.8e-57	NA	NA	barrnap:0.9
047776e675edcd391d211e72024f8b6c	3.2e-35	1.1e-56	NA	NA	barrnap:0.9
048698595951e86c8b339f46a9464119	9.5e-24	1.8e-53	NA	NA	barrnap:0.9
04a096a0759139dc5030d320680977ac	1.6e-28	1.2e-52	NA	NA	barrnap:0.9
04a40653886fdb1a22227303b91efa68	1.1e-30	3.2e-60	NA	NA	barrnap:0.9
04baf999c7b5662175d782b5969a4abd	1.2e-29	2.3e-50	NA	NA	barrnap:0.9
04e96f8e3e9a8aaea0cf71feba8b0e16	3.2e-29	2e-54	NA	NA	barrnap:0.9
04f11566c760a465cbfa03687a11b21b	4.5e-27	9.2e-58	NA	NA	barrnap:0.9
04f5947e3f8d4cc43b9a50a6ac7749ab	3.8e-28	2.4e-51	NA	NA	barrnap:0.9
04fe848a36709ed8a624639cb6208501	3.1e-35	3.1e-58	NA	NA	barrnap:0.9
053864fd7fbf3da9ce3cd342734a0991	2e-31	3.2e-61	NA	NA	barrnap:0.9
0638664153744aa31b3fbc31fe165237	7.9e-29	2.5e-50	NA	NA	barrnap:0.9
06538b77450f85903962437f449fa60a	2.9e-26	9.5e-51	NA	NA	barrnap:0.9
06e6aaa77f0d231aa11ded04243ca5af	6e-31	1.6e-58	NA	NA	barrnap:0.9
071adc1f6119b36a43480ff85d58b23a	1.7e-29	1.1e-52	NA	NA	barrnap:0.9
08a0cf376add32f3f4b57ec1e82a7a27	1.4e-27	5.7e-55	NA	NA	barrnap:0.9
08bd43071a06abf56df235fca6655bea	1.2e-33	4.5e-60	NA	NA	barrnap:0.9
08ce27cee52afc14d82faaae7852a600	1.6e-30	9.1e-54	NA	NA	barrnap:0.9
08eedcaf8f982611c4982038139f6271	3.6e-30	1.4e-56	NA	NA	barrnap:0.9
094308f7cc2ee9d02683e9be4dec556f	2.9e-37	7.5e-59	NA	NA	barrnap:0.9
09bdaeab3afb9f6ebbb298f15dc6045c	2.3e-28	2e-54	NA	NA	barrnap:0.9
09fe878f37fdb48cdc41797c656c05b2	4.2e-30	3.8e-58	NA	NA	barrnap:0.9
0a165844daf38d8ce2008c94a5b4565e	2.4e-32	1.6e-57	NA	NA	barrnap:0.9
0a3cf58d4ca062c13d42c9db4ebcbc53	9.2e-33	4.8e-51	NA	NA	barrnap:0.9
0acbaa530601cf5de15c5ef2da1817cb	2.1e-33	1.4e-51	NA	NA	barrnap:0.9
0ad13b6d1cd98ad7e8f6ee9909d33114	2e-25	6.3e-50	NA	NA	barrnap:0.9
0b62803b2548d1794800142bf186bc16	9.1e-27	8.2e-57	NA	NA	barrnap:0.9
0b6936e4451b63ba396ba8666434d3c2	4.7e-32	2.5e-59	NA	NA	barrnap:0.9
0b6eb991173d34102892489e05ecb868	8.1e-29	1.1e-56	NA	NA	barrnap:0.9
0ba92b5d91ba43524ebc6ea1ae7c5a73	2.6e-32	4.7e-59	NA	NA	barrnap:0.9
0bc9426d2fa9ad7a66bcc8ddbc311a4f	3.2e-30	9.1e-60	NA	NA	barrnap:0.9
0c10bc475287f99f197cfc1c2b50947f	7.1e-31	8e-51	NA	NA	barrnap:0.9
0cd7b1cc6232d6896e37e6cff5489de7	1.4e-32	1.8e-59	NA	NA	barrnap:0.9
0d0c67a436ba05c0a6687ecbc554e6dc	6e-23	1.8e-44	NA	NA	barrnap:0.9
0d29a1eb24f264423251f3b2a92f7914	3.4e-27	9.6e-52	NA	NA	barrnap:0.9
0db7e0cbdc068af88ec3bb6cdecaaa3c	2.6e-29	7.3e-54	NA	NA	barrnap:0.9
0dcf5023e96fb8175d7bf02d900c9dd1	3.4e-29	2e-59	NA	NA	barrnap:0.9
0dd0551c0dd279c12d8a31ad016f0a7b	5.6e-31	1.2e-57	NA	NA	barrnap:0.9
0dd3a71fac9aaa2141e24568c231c98b	4.6e-35	6e-57	NA	NA	barrnap:0.9
0de5e35ca756afdfe2aa8e4233692286	8e-29	4.6e-56	NA	NA	barrnap:0.9
0df6c802966e8670279671824da4f10a	1.1e-31	1.5e-59	NA	NA	barrnap:0.9
0e2815f2a3408cfeb9bc7e5f75812c4a	5e-27	2.4e-50	NA	NA	barrnap:0.9
0e588efacdb4ead858cc80d2ff1bf39b	6.6e-34	1.5e-57	NA	NA	barrnap:0.9
0e6645acd71bc7e1dc285638b8c3b44b	4.5e-33	3.5e-59	NA	NA	barrnap:0.9
0e946c1f69e5e0d9ad68a03b2bf71d81	1.6e-28	1.5e-57	4.7e-09	NA	barrnap:0.9
0ebb2cf4a2017aeaefadf9ae5062eb62	2.1e-23	8.7e-50	NA	NA	barrnap:0.9
0efb158012ffb593a9cd34f72c47bd5f	4e-27	8.9e-54	NA	NA	barrnap:0.9
0f276b28ea3ba352f6fd667c1e298c38	1.7e-31	6.2e-59	NA	NA	barrnap:0.9
0f2a5acc53e55f2c9f0c7409421dc5a0	9.9e-31	3e-58	NA	NA	barrnap:0.9
0f6309bf44db6ba06d4599d3efcdfee1	2.1e-31	7.9e-57	NA	NA	barrnap:0.9
0fc8368bdc93cfc93644e4056a037cb1	1.5e-31	1.4e-49	NA	NA	barrnap:0.9
0fde62806e4413be1846e836dba2c786	1e-32	1e-58	NA	NA	barrnap:0.9
0fe005608c3bbf87ef40c74f20fe23f9	4.8e-27	9e-51	NA	NA	barrnap:0.9
101a36c927dc19c0313f06be2567d2e5	8.5e-32	3e-55	NA	NA	barrnap:0.9
10741c78f68af141c49a2b0b3f78f7c0	3.8e-29	1.8e-55	NA	NA	barrnap:0.9
11401ee29264e6f60b65371a2601cd07	6.6e-34	2.5e-60	NA	NA	barrnap:0.9
11899145b894a8b737a8d3db09a78b4f	1.2e-21	9.6e-46	NA	NA	barrnap:0.9
11bc72b11af066726c613fcba7b0ea7a	3.4e-23	1.4e-48	NA	NA	barrnap:0.9
11bd305099dce16ecd99f2cb50aa2e40	5.5e-25	4.9e-49	NA	NA	barrnap:0.9
11ff62f758f7c7e2e53e141ac7b9274d	8.3e-20	7.6e-53	NA	NA	barrnap:0.9
12470c486f558c083c46b45408cae9c6	2.5e-30	2.8e-59	NA	NA	barrnap:0.9
12615dfed222d35c1582cbd6cef48013	2.3e-33	1.2e-59	NA	NA	barrnap:0.9
12691e42e5f8f917a8ca55e38670afdd	1.7e-30	4.1e-58	NA	NA	barrnap:0.9
129500150cad877075ed12b0c9424282	3.4e-26	5.2e-51	NA	NA	barrnap:0.9
12c57c4c553edae230eff62d16787d2c	3.5e-28	1.9e-58	NA	NA	barrnap:0.9
12f7fde8c9c0ce7a08018aba89a8cb47	9.7e-28	2.7e-51	NA	NA	barrnap:0.9
13016b09f7d9ec021bdf6b8eb3ebe1c2	3.1e-28	5.6e-58	NA	NA	barrnap:0.9
1328ddadac3f2d08eb25e79a18f7e574	5.9e-32	2.7e-59	NA	NA	barrnap:0.9
1330deec01ee25ab66d3ac4752e8ccbc	1.2e-26	7.7e-56	1e-07	NA	barrnap:0.9
13506518b825bfbd65794347af5958c6	2.9e-29	7.7e-56	NA	NA	barrnap:0.9
139f201782b377ecd8bd38893e72e9cc	1.8e-23	4.4e-48	NA	NA	barrnap:0.9
13d0e662684249be04d631981ca31b47	7.7e-33	1.1e-59	NA	NA	barrnap:0.9
13e5e67a2599db5c3cdfa82c4c9ea6fd	6.2e-33	1.4e-61	NA	NA	barrnap:0.9
13f2868d16346e8ceb4ebe1f331fbeed	2.7e-22	7.7e-51	NA	NA	barrnap:0.9
141437e5023d7f6f02bd8054f56b9996	2.4e-30	8e-60	NA	NA	barrnap:0.9
14b46d75d070863b68916ddf66310588	4.6e-26	2.2e-50	NA	NA	barrnap:0.9
14d6683cbc269d00b61556855088e74e	1.7e-24	5e-50	NA	NA	barrnap:0.9
15029a53d91a033bae30c1ad032ad804	4.5e-32	9.1e-59	NA	NA	barrnap:0.9
1541faf3a457cc8cc05b01ce30983449	8.5e-25	5.1e-51	NA	NA	barrnap:0.9
1569f7ae988e26c905ab8fab427c8a0d	5.4e-34	3.6e-56	NA	NA	barrnap:0.9
15701fcbecf8b280718656e482ad0021	1.8e-30	3e-56	NA	NA	barrnap:0.9
158797690c352898bf96bf1481828a6f	1.3e-29	2.7e-56	NA	NA	barrnap:0.9
159f25ee8dfdd348c2ffee847ac7a30c	2e-23	1.4e-46	NA	NA	barrnap:0.9
16530e5b50b780018210dac05a471715	1.6e-33	4.4e-58	NA	NA	barrnap:0.9
16caa0305de3d046b466ebc197d4862e	1.6e-24	1e-47	NA	NA	barrnap:0.9
16df6f12f537503b35c693bc28527b31	4.7e-28	5.7e-50	NA	NA	barrnap:0.9
1703db4dbbda1f21cb6d14e4cef4eb56	9e-29	1e-56	NA	NA	barrnap:0.9
17b542863da71820b2ba99164f7cdae1	7.2e-31	1e-59	NA	NA	barrnap:0.9
17bdfb911db32265975bcbb2db9411f2	2.2e-30	1.6e-56	NA	NA	barrnap:0.9
17cddb82ce2f004cd99f8fb8e90daae2	4.1e-19	7.4e-49	NA	NA	barrnap:0.9
17d69d44559dce0092faca8bdcac2069	1.3e-32	1.8e-58	NA	NA	barrnap:0.9
1841ceeb252a3e471065c84c01175567	4.9e-31	3.7e-54	NA	NA	barrnap:0.9
1849510daf77158f5376af04eb48c84c	8.9e-27	3.8e-57	NA	NA	barrnap:0.9
185ef6bb79a2ba1a7599caa613caabda	5.1e-26	6.5e-51	NA	NA	barrnap:0.9
185fd5fa18cb1cc8b0fa2bacf60af299	8.4e-32	1.3e-58	NA	NA	barrnap:0.9
1930d2ae4018583d606e705beea31bd1	1.7e-25	2.1e-51	NA	NA	barrnap:0.9
1981f2ad333b7c6add390ec159a070f9	1.3e-25	7e-55	NA	NA	barrnap:0.9
19d90cb7ea515676f735b4781f63e3c7	3e-26	1e-53	NA	NA	barrnap:0.9
19f9bfa14bd5a97156d395595e6edebe	2.3e-29	7.5e-57	NA	NA	barrnap:0.9
19fe0df298ff3c81c7f35a5baf34fc3a	4.9e-31	3.4e-61	NA	NA	barrnap:0.9
1a536649f612dcd13d4606a42b25ab48	6.5e-30	3e-58	NA	NA	barrnap:0.9
1a85945077d0cd01cd5ea034aa7ec10d	2.7e-32	4.4e-60	NA	NA	barrnap:0.9
1b2b766f757de6ceb3644b7007286da8	1.3e-31	1.7e-57	NA	NA	barrnap:0.9
1b8dec58597978264025b9eba656ffb5	1.2e-27	3.3e-55	NA	NA	barrnap:0.9
1b9ab7ba8573cbfe5f1a9f59f0b38ff4	1.7e-27	2.4e-50	NA	NA	barrnap:0.9
1bc00b2524966822fb4d1ddb79d9e7a8	8.7e-32	2.2e-58	NA	NA	barrnap:0.9
1bd8ddc544b8a1c18baf47ba3b23c1c2	5.1e-28	1.5e-51	NA	NA	barrnap:0.9
1c281deaf71c6d702d1ddadfa953eac6	4.4e-31	3.6e-57	NA	NA	barrnap:0.9
1c30b65a9b18d315dc038781c6780bb6	2.2e-27	8e-60	NA	NA	barrnap:0.9
1c478cf1c52c0e7210292fed765dd3cc	1.7e-29	5.2e-57	NA	NA	barrnap:0.9
1c81eb221f7d31175c8ca22c957f55e0	9.3e-29	2.4e-59	NA	NA	barrnap:0.9
1ccc89b0fa9313eaaf1b2c30e152339e	3.8e-31	1.5e-58	NA	NA	barrnap:0.9
1ce2fe671a4d62aa6298453fa6e0055a	1e-28	4.1e-53	NA	NA	barrnap:0.9
1d0bc94ed42b5c7e010ac4b7da0a75e3	2.4e-30	2.3e-51	NA	NA	barrnap:0.9
1d108f9d706d2f9c2f9bb888bb6b8070	4.6e-27	6.6e-53	NA	NA	barrnap:0.9
1d49df56b83a383d8b998af9d148f52c	1.6e-28	9e-61	NA	NA	barrnap:0.9
1d9538abc86ffc335e19b588ca1092f5	4.3e-28	6.3e-55	NA	NA	barrnap:0.9
1dacfff5549a7d2494f6a935ea1fb7e8	8.6e-36	4.7e-57	NA	NA	barrnap:0.9
1dde417c45171347b0ec07088aa49839	5.5e-27	3e-50	NA	NA	barrnap:0.9
1de73ffefb8617d2ca9ccf28c78eb08b	6.3e-30	6.8e-60	NA	NA	barrnap:0.9
1df0c54b8fd680a8ea6bffe7de482f43	9.3e-29	1.5e-54	NA	NA	barrnap:0.9
1e040db0048bb4067f6d355cb45648dd	2.9e-32	2e-58	NA	NA	barrnap:0.9
1e238cf69a93a1a2daa7c27cf7f252f1	8.9e-32	1.6e-58	NA	NA	barrnap:0.9
1e66289327edd690ec0ad509d4257101	1.6e-30	1.4e-60	NA	NA	barrnap:0.9
1ea2c3e2a528db3d3be74e6d87fc2942	4.7e-33	1.5e-59	NA	NA	barrnap:0.9
1eec7684bb6df3e4ed6d79f115d7483b	7.9e-33	4.8e-59	NA	NA	barrnap:0.9
1eeda6a9e8ebf5b66a6506ec39ce3f2a	1.5e-27	3.6e-53	NA	NA	barrnap:0.9
1f0c539c6ec1f7f7039087db0180dad7	9.3e-27	1.3e-52	NA	NA	barrnap:0.9
1f3edac59aaf7f4d67c8aab5fe7ca2cc	3.7e-24	1.4e-49	NA	NA	barrnap:0.9
1f3fd62411d77829787c03e7d1e3dabf	4.2e-25	2.1e-50	NA	NA	barrnap:0.9
1fd294eea9485182ef6ac20c65e5a949	1.2e-29	9.8e-60	NA	NA	barrnap:0.9
2066218aad1b4b59ec4ac4acab37e38b	2.8e-28	5e-57	NA	NA	barrnap:0.9
208a08b90e13b04d2ef2f584535a2d39	2.9e-25	1.3e-54	NA	NA	barrnap:0.9
20ac30224f0d6923615fbc03ac84563f	1.3e-32	1.4e-59	NA	NA	barrnap:0.9
2197e3c697e9c1427ae1c3277d3c71f9	2e-27	4.9e-57	NA	NA	barrnap:0.9
2240a32210626311519755ad7664ac3e	2.1e-28	2.1e-59	NA	NA	barrnap:0.9
22424eb53c259749d0d5cf4f45d18613	4.3e-30	6e-59	NA	NA	barrnap:0.9
226ab97195d19858d059fffaef17f5d7	1.4e-32	3.2e-60	NA	NA	barrnap:0.9
2284a4690a286db6ae0c3d30dfebfa29	1.2e-33	5.7e-60	NA	NA	barrnap:0.9
22907d450b79c927e4ffe34a2d09d2aa	1.1e-30	1.3e-57	NA	NA	barrnap:0.9
22b3c70cdfb1714224e1bf8a6314bee9	2.5e-27	8.9e-57	NA	NA	barrnap:0.9
22c0c429188c4cbdc495bf4fd0a98626	2.2e-28	3.7e-53	NA	NA	barrnap:0.9
2312fa68895be3d61975e48dda211263	2e-32	3e-57	NA	NA	barrnap:0.9
23194d2b7c5d9dadd6ac2f254c6586d1	7.3e-31	3.2e-58	NA	NA	barrnap:0.9
2334ecb2b852a6ab0c04b3f21ecfc935	5.8e-32	7e-60	NA	NA	barrnap:0.9
234166274fbb22e38900a26eb84ece58	2e-25	1.4e-50	NA	NA	barrnap:0.9
23afd7274e2555c2982da0c5bbe8a77a	4.6e-32	8.2e-60	NA	NA	barrnap:0.9
2401a0984768a9fedb897585baece5ac	4.4e-28	1.1e-49	NA	NA	barrnap:0.9
240a30949d8516a7daf4fcc9ae9409a3	4.2e-31	6.5e-60	NA	NA	barrnap:0.9
241358149d169fe77c6d1070671e4264	8.7e-32	5.7e-59	NA	NA	barrnap:0.9
24646f903382ae52da1b45805982e09f	4.1e-34	4.8e-60	NA	NA	barrnap:0.9
248931e39505318d35496f6dc6023225	3.4e-23	2.7e-48	NA	NA	barrnap:0.9
2489471b3729e885a2c1ddaa10774d8e	4.4e-29	3.7e-58	NA	NA	barrnap:0.9
249da846fa9c3e7deace9a4424b77095	5.1e-32	1.4e-59	NA	NA	barrnap:0.9
24cb328c9fd7acc137e16d564d2da79b	1.2e-31	6.5e-55	NA	NA	barrnap:0.9
25444153b357c667534699a6da0bbd44	2.9e-30	2.1e-55	NA	NA	barrnap:0.9
2573169e4af0e9fc5480d1b149c6177f	4.6e-33	5.6e-60	NA	NA	barrnap:0.9
25773d17c98ca4f1cbab85bb7a20ee07	1.2e-29	2.3e-57	NA	NA	barrnap:0.9
25e1499aac5558fc8fbd02ffae74acf4	3.3e-28	2.1e-57	NA	NA	barrnap:0.9
26073ce6b14476fde924d4a6d41dcdaf	2.3e-26	3.1e-56	NA	NA	barrnap:0.9
2616210b023c8ff2ff5ac0c1ae00b1bc	5.7e-28	4.1e-56	NA	NA	barrnap:0.9
26736c7ee02864e6bbab37424d69a4ed	1.4e-31	6.9e-60	NA	NA	barrnap:0.9
2697ced982e16063cf765a2cf35576ef	4.4e-31	8.5e-60	NA	NA	barrnap:0.9
26c6e3ed14694582e207478c1f23c21f	8.7e-30	2.4e-59	NA	NA	barrnap:0.9
26cb6f54fff5f75b91d8f25434572cef	5.5e-25	1.6e-51	NA	NA	barrnap:0.9
26d02a65432d3c5f616758cba0ebf054	1.5e-29	2e-52	NA	NA	barrnap:0.9
26e6df5963bcc953dcd6a220245881d0	2.8e-23	4.7e-50	NA	NA	barrnap:0.9
270a745647e1f4f2daefddcae78b43c7	6.3e-32	3.8e-60	NA	NA	barrnap:0.9
2747bd94a19fbfa82f1e90e326d2f100	6e-30	5.6e-60	NA	NA	barrnap:0.9
27af6946079ffdcc29ae6f9f6640a637	3.1e-25	3e-53	NA	NA	barrnap:0.9
27b0bca5c048a9dfade9558dcf685681	2.1e-33	2.5e-58	NA	NA	barrnap:0.9
27b57e25d4550b5af3139a2c97d7dc8f	1.5e-29	1.6e-55	NA	NA	barrnap:0.9
27d84ac5d3d64a0cb93b649a78582d38	1.4e-32	3.2e-57	NA	NA	barrnap:0.9
27f098662c8f87b4aaff903d9c0f28d3	1.5e-35	1.5e-58	NA	NA	barrnap:0.9
285d6ca413ffd7ed98b964a89abed929	2.1e-25	1.5e-51	NA	NA	barrnap:0.9
28629b797b91185b0c5ec60ab3896254	2.8e-29	5.9e-56	NA	NA	barrnap:0.9
289aab9468e038f5648fc0ac9b7ef11b	2.9e-31	1.6e-62	NA	NA	barrnap:0.9
28c17e09d8bb1393f8747dbf9e9a10d3	6.5e-33	7.4e-61	NA	NA	barrnap:0.9
294439019add4f19e8d5d95d40921207	4.2e-31	2.6e-58	NA	NA	barrnap:0.9
29784327695f9679df5328be42874776	2.7e-27	2.3e-51	NA	NA	barrnap:0.9
29a8f80700917c8183fd2e25002ad433	1e-28	2.2e-50	NA	NA	barrnap:0.9
29fb7d35ab98c5dccf41da07fba7936d	4.3e-28	6.4e-54	NA	NA	barrnap:0.9
2a070f46ea091a10d6c4b0b58522c0db	8.8e-30	3.4e-55	NA	NA	barrnap:0.9
2a0e08eddb495e26229eddcf9f5c525b	5.8e-26	1.2e-50	NA	NA	barrnap:0.9
2a7169b7465789a82b4f47c3d934d259	1.4e-31	6.8e-59	NA	NA	barrnap:0.9
2a89717b521dc276ae1bd08090909dc4	3.6e-34	2.6e-61	NA	NA	barrnap:0.9
2a8e5f8a4fad31a84d995bdb0706422e	3.1e-25	7.3e-48	NA	NA	barrnap:0.9
2ac3c8f867f239f644664796efde1be1	2.9e-31	1.1e-60	NA	NA	barrnap:0.9
2acc64fc35abd8595519fa81d19066b0	3.6e-28	8.4e-53	NA	NA	barrnap:0.9
2b33752353804e5616919765189fded9	1.1e-31	4.3e-59	NA	NA	barrnap:0.9
2b786f7362d7e52c57e97358863f6659	6.4e-33	1.2e-57	NA	NA	barrnap:0.9
2b89378baf9eb52dd3eb2697b4d521de	4.2e-29	1.3e-50	NA	NA	barrnap:0.9
2bc5942b5fd0f8140d1eaf96be69ff40	1.9e-27	2.7e-51	NA	NA	barrnap:0.9
2c545231aacaf1d8c6b3f8f8930d4363	8.5e-34	7.1e-59	NA	NA	barrnap:0.9
2c97c50bb92d1350081db701c898ae82	9.2e-27	4.8e-53	NA	NA	barrnap:0.9
2c982937754e6321f861027032db80f7	4.2e-29	1.4e-55	NA	NA	barrnap:0.9
2cb1ff2f9d7a33605020b6fff33c71b8	1e-30	1.2e-58	NA	NA	barrnap:0.9
2ce88e05f1919882b01289628bd3d156	1e-31	4.5e-56	NA	NA	barrnap:0.9
2cf0267a31dc6f1b8ee65c913b8f6e4d	8.7e-32	2.5e-58	NA	NA	barrnap:0.9
2cf5054feccaa4613dd41e8434a44c9a	2.2e-33	1.4e-58	NA	NA	barrnap:0.9
2d01d21dc12ee96d173b6ab4e83f9a3b	2.1e-31	7.6e-59	NA	NA	barrnap:0.9
2d2ba432de65fdeac8600f615ad13175	1.6e-30	4.7e-59	NA	NA	barrnap:0.9
2d2da80364c894e80bf8792642aa5fc0	4.6e-30	2.8e-59	NA	NA	barrnap:0.9
2d3400746461ca912551e710055525c4	2.5e-24	1e-49	NA	NA	barrnap:0.9
2d4bd4e29911b49f72b766a50d0a5344	2e-31	3.2e-49	NA	NA	barrnap:0.9
2d9efd0aff1b4426ab22b3d26377a4fe	7.1e-23	4.4e-47	NA	NA	barrnap:0.9
2db8db12edbc27762f4977cc56a088d9	1.9e-25	2.1e-50	NA	NA	barrnap:0.9
2dea1af00a48628cb851ac53b01700a3	2.2e-30	1.5e-56	NA	NA	barrnap:0.9
2e07a4910f7ed6153146270a6eb4079e	7e-29	7.9e-56	NA	NA	barrnap:0.9
2eb2fe0471e37d54b5e1c47660220ad6	6.9e-25	1.6e-49	NA	NA	barrnap:0.9
2eba411f65be89eb099de9ce61e7ba3b	7.1e-30	7.9e-56	NA	NA	barrnap:0.9
2edc1a5f4c153151e3a59512495afcf5	1.5e-25	2.5e-51	NA	NA	barrnap:0.9
2ef1e51ab1cf99a3c6417b05a060830e	4.4e-31	2.4e-57	NA	NA	barrnap:0.9
2f1018904270a1bd5b8d8d29c901a927	4.8e-30	7.1e-54	NA	NA	barrnap:0.9
2f1eafd6723963a51402c81623af170b	1.4e-28	5.7e-56	NA	NA	barrnap:0.9
2fce24ed9da4c73ffcf0f24fd988e59e	1.1e-25	7.5e-53	NA	NA	barrnap:0.9
3008bd271be5dcac0a0b799c18c1a038	2.7e-20	1.1e-52	NA	NA	barrnap:0.9
30598f0d14cb4af2c3150ebb17667b95	7.6e-31	5.8e-60	NA	NA	barrnap:0.9
306546f5f068c3630323684d422f1e95	1.7e-24	4e-56	NA	NA	barrnap:0.9
30f8d4f117e346821019e922f3735cca	1.6e-31	2.7e-59	NA	NA	barrnap:0.9
3123f66563808a192c7a731b53c0807f	5.9e-26	1.1e-51	NA	NA	barrnap:0.9
315ab46d6ab221901561c0e77dc82c8c	1.9e-30	3.3e-58	NA	NA	barrnap:0.9
3182e1656c33be9db58adedbcd4a71b1	5.3e-31	8.3e-60	NA	NA	barrnap:0.9
319b9d0216bc3eecb716b352368cca2f	1.6e-31	5.8e-59	NA	NA	barrnap:0.9
31b93b8630809d6db52de859ea7cfadc	2.5e-27	6.6e-55	NA	NA	barrnap:0.9
31bd84ff6ea2b5385e0cb0cc9c078d5e	1e-26	1.7e-52	NA	NA	barrnap:0.9
31c862c1b2e0ffdd72b11a0b50c208f6	5.8e-31	2.6e-59	NA	NA	barrnap:0.9
31e164ef61abbf1894d038c25ad85bb7	1.4e-31	1.6e-52	NA	NA	barrnap:0.9
31e57a1ab065214bb6b49f117e3f3499	8.4e-32	2.4e-61	NA	NA	barrnap:0.9
31ee6a140f070a70484d3bf3f598c52d	1.8e-28	3.9e-57	NA	NA	barrnap:0.9
3202eb578b412acd125292a3d8576130	1.7e-23	2.9e-48	NA	NA	barrnap:0.9
323d71877cc96ce49ce090be71ae6cf0	3.5e-33	4.2e-60	NA	NA	barrnap:0.9
325ce268c8bbe026198a5ca3dbaad5b9	2.7e-30	1.4e-57	NA	NA	barrnap:0.9
3271ffa182311a0294a47ef27c84c647	1.5e-32	7.4e-60	NA	NA	barrnap:0.9
327ef2b0b4b3dc3462bf8052944f8dad	2.9e-25	1.5e-49	NA	NA	barrnap:0.9
32901e4b463a9b5f9d870b0860ef464c	8.9e-26	7.9e-54	NA	NA	barrnap:0.9
32e4aa165d61829a45479dacddf19ee5	1.5e-28	2.8e-46	NA	NA	barrnap:0.9
32e7f8e84c92f2f3a560720e94028297	8.8e-28	5.8e-53	NA	NA	barrnap:0.9
332a6411ff00b4010ac2397f504c4695	9.3e-28	4e-53	NA	NA	barrnap:0.9
333bbf9224442fc10cd497377d2b1d01	4.4e-29	3.9e-56	NA	NA	barrnap:0.9
33518e48b174ac428cb7be1a216c6c6e	4.1e-32	5.5e-60	NA	NA	barrnap:0.9
337ee142b91d09bb17bf08c6e84bae11	9.8e-28	5e-54	NA	NA	barrnap:0.9
338b7ee34e711d0ab208435f5e2b27d9	1.3e-32	1.2e-60	NA	NA	barrnap:0.9
33ea9f7df7a02a6f06fb9700ed440401	1.2e-27	5.4e-52	NA	NA	barrnap:0.9
33f1cbce4b235f9a1a34da82a691f6bd	4.8e-33	5.8e-60	NA	NA	barrnap:0.9
340de9702345598419186e00372c51b4	6.3e-31	9.4e-59	NA	NA	barrnap:0.9
34538e298b7212700da392d5c8daed5f	1.5e-23	4.5e-47	NA	NA	barrnap:0.9
3468e2a610f30cb3f84ce4c71fc13e77	2.2e-26	1.2e-56	NA	NA	barrnap:0.9
34e07216eaf862049aedd21b8f284b28	1.3e-21	2.2e-52	NA	NA	barrnap:0.9
350fb0a153502ce2dd4fa0cf051d3fbb	1.9e-26	3e-52	NA	NA	barrnap:0.9
352aef7399b85c3fd1e22179a427e9fb	1.9e-30	1.4e-56	NA	NA	barrnap:0.9
35346d0371ce15fc46bc6985f8661fac	7.2e-26	1.6e-52	NA	NA	barrnap:0.9
3562d3a0374b9f2ed190c1a7aa7dedb7	2.3e-31	1.9e-59	NA	NA	barrnap:0.9
35cbb315e019e0a8768d4b73862df415	1.9e-26	1.2e-43	NA	NA	barrnap:0.9
35f3ce6a0ee2829e6ccb193be3c4338b	1.6e-30	4.5e-53	NA	NA	barrnap:0.9
3607599c1aab4789914bb85aa5387ec7	7.6e-30	2.6e-55	NA	NA	barrnap:0.9
364391a95b6ea691b534b389af6b0382	6e-31	9.4e-58	NA	NA	barrnap:0.9
37a0a427f45ea3b8299b4a41c10d02e6	4.5e-31	2.3e-57	NA	NA	barrnap:0.9
37a562643016cacc537440b7e142b40a	5.7e-31	3.1e-57	NA	NA	barrnap:0.9
383effd264b8c9db0f78e2067355d32e	2.4e-28	5.7e-51	NA	NA	barrnap:0.9
3883c3ab093249287e47ca21ff186ca4	1.9e-30	6.1e-59	NA	NA	barrnap:0.9
39277856f18f889dce2a469fd8cb94d0	2.4e-28	1.4e-59	NA	NA	barrnap:0.9
3936d625d6fb4137e40c1b9b3b338cc0	2.1e-33	3.5e-60	NA	NA	barrnap:0.9
399e2d9555960bde47efc90e39af7c60	6.5e-26	3.9e-51	NA	NA	barrnap:0.9
39e504f3955374e858607776bba8bc34	2.4e-34	5.3e-61	NA	NA	barrnap:0.9
39fce827ceabb76a6010195957d9e59b	3.6e-30	1.4e-58	NA	NA	barrnap:0.9
3a0319df418c7c157cfe8daf62925f80	6.5e-30	4.9e-55	NA	NA	barrnap:0.9
3a7760f6e22d11ff958c1f1fa879c93c	3.2e-30	1.6e-51	NA	NA	barrnap:0.9
3a8fc1b872919606e367a295db64968e	3.1e-29	1.5e-57	NA	NA	barrnap:0.9
3aab80d4360ca3101a2722b0be14befb	6.5e-19	3.2e-48	NA	NA	barrnap:0.9
3b14c1024195b7dec861c34006466104	3.1e-29	1e-50	NA	NA	barrnap:0.9
3b17ffa45b4816e5ad66b43e6896b637	6.9e-33	1.7e-59	NA	NA	barrnap:0.9
3b901502748f52b13c5bf1fe4aa7a044	9.5e-31	3.4e-58	NA	NA	barrnap:0.9
3bac14d2805bf995afe9d316a5777b1e	1.6e-31	2.2e-59	NA	NA	barrnap:0.9
3bee9c539413e8c83c7ea15b4fb8e9e3	1.7e-30	9.9e-60	NA	NA	barrnap:0.9
3c02db3b55394cfa548870b42dcc023e	5.1e-28	4.7e-52	NA	NA	barrnap:0.9
3c17b3f74d0cff25e90e3db5b0ca7a2b	2.6e-27	3.9e-54	NA	NA	barrnap:0.9
3c62ebcf42d0adb6610e7b2e6a3f13f5	1.4e-25	9.4e-46	NA	NA	barrnap:0.9
3cc3cc456ba276a68e1cff2591e0e8f2	1.5e-26	8e-49	NA	NA	barrnap:0.9
3ce7bb5831ea966806ed16d23f0d4c8f	1.5e-31	5e-60	NA	NA	barrnap:0.9
3cec387e3e89982bf989b857f7c296d1	2.2e-33	5.9e-60	NA	NA	barrnap:0.9
3ced5e781c21d9ba0af7075f78447235	5.3e-33	4e-59	NA	NA	barrnap:0.9
3d065f07b932f1af07329d97b8846cfe	1.3e-27	3.2e-52	NA	NA	barrnap:0.9
3d2cd874a4eea35af603ca0c0c25c89f	2.3e-32	3.3e-61	NA	NA	barrnap:0.9
3d6657c33fee3a6c6ea2b90982a59c1a	6.9e-29	2.6e-55	NA	NA	barrnap:0.9
3dd7acf39ab927348aafcd8acb08dd9a	4.8e-32	6.5e-59	NA	NA	barrnap:0.9
3de51298d1ae70d9e372138e3eefd231	2.3e-28	1.3e-51	NA	NA	barrnap:0.9
3de5f525094ec393ec1767ae0d16de8d	1.4e-28	9.1e-50	NA	NA	barrnap:0.9
3dfaa3fabdf04711351c97af550d2921	3.6e-31	4.6e-57	NA	NA	barrnap:0.9
3e9e6197d0866ceeaa0d19f676601a4a	6.8e-35	5.6e-60	NA	NA	barrnap:0.9
3ebe761bfb1238c87195d431f41bf976	8.6e-32	3.6e-59	NA	NA	barrnap:0.9
3ee3085cd6f25c2449332df3675b9eee	3.8e-31	7.6e-59	NA	NA	barrnap:0.9
3f2528fd60a3c6bfdd9c72b69f0f91ae	1.7e-29	6.1e-54	NA	NA	barrnap:0.9
3f2e2880aa6ce3d518ff37f148016e06	6.6e-33	2.7e-61	NA	NA	barrnap:0.9
3f33a2dc6cb3f0ffa1987719f06af323	2.4e-23	1.5e-47	NA	NA	barrnap:0.9
3f6e11d7ef2402e8727aa06d29ce24c1	3.9e-26	1.8e-51	NA	NA	barrnap:0.9
40190215aad138c9ec996d54a9cbde75	1.9e-24	3.2e-50	NA	NA	barrnap:0.9
401e9cda8dd173db76e03cfe30f2274e	1.6e-33	2.3e-58	NA	NA	barrnap:0.9
4066e07db1bae989fd02d771401e3b09	3.2e-31	4.8e-60	NA	NA	barrnap:0.9
40874d61006874f7c87d904707d320d9	1.8e-30	8.8e-59	NA	NA	barrnap:0.9
40946a3f140e0e38be22dc493f0ed426	5.9e-30	8.5e-60	NA	NA	barrnap:0.9
4102c0c9284b080a36ae312a7b497915	4e-36	9.9e-58	NA	NA	barrnap:0.9
41221401b72243aef79ef07ce68696cd	6.2e-56	1.5e-35	NA	NA	barrnap:0.9
41968913d9ca2d9dfd73c99f7947bb01	2.1e-32	8.9e-58	NA	NA	barrnap:0.9
419f5839a7dccf237a4a53f4587e026c	3e-23	2.3e-48	NA	NA	barrnap:0.9
41a682ff5b44533c0912c7cd987419ff	2.7e-31	7e-54	NA	NA	barrnap:0.9
428c9c54249889db808b9f1bea056aa0	5.2e-30	2.9e-60	NA	NA	barrnap:0.9
42f54f9a2551f3142f5dc7c08684882c	4.2e-30	1.3e-58	NA	NA	barrnap:0.9
432c814024bdfd89d3273986167eefb9	7.8e-33	5.6e-60	NA	NA	barrnap:0.9
435fd033e4772ad97cecd035c9aceba5	9.2e-30	1.3e-55	NA	NA	barrnap:0.9
4380abc163ecefa354d7002925971253	6.1e-31	1.9e-59	NA	NA	barrnap:0.9
43bf8004815d639705546cfb7fa006c8	4e-32	4.2e-57	NA	NA	barrnap:0.9
43feb386a52cd25ab232e533d5e56c62	5.8e-28	3.1e-60	NA	NA	barrnap:0.9
44158349d8858abc6c04aada0c131da5	6.3e-29	1.1e-55	NA	NA	barrnap:0.9
4422afa5e085d3e4373b56dd5c28160d	7.9e-33	1.7e-59	NA	NA	barrnap:0.9
446b888f8119b56e60b68ad01e3dd288	1.5e-29	2.5e-58	NA	NA	barrnap:0.9
44a2255fae1e44dece5aeeacfcf66cfc	7.4e-28	1.3e-51	NA	NA	barrnap:0.9
452e8489334d0ba0cf7eeccea28f1364	5.1e-32	2.4e-59	NA	NA	barrnap:0.9
4533bf5ce3fb980fcb1a62e29b3b304b	9.1e-24	8.3e-47	NA	NA	barrnap:0.9
457a55c865708b597cf97aeb149200c9	4.6e-30	8.9e-57	NA	NA	barrnap:0.9
458d75c285ff27d4359764f4d1faca93	1.6e-27	9.6e-52	NA	NA	barrnap:0.9
4598e7db6dff8f019ff4f6c50dc05df4	1e-33	5.1e-60	NA	NA	barrnap:0.9
45b76e49b6500d8d245c2f27f6fbb143	4.4e-24	4.5e-52	NA	NA	barrnap:0.9
45d4fe3f6c01f77c2dfc11dd91d3359a	2.3e-32	1.4e-59	NA	NA	barrnap:0.9
460336f1de02a0b8fb85f811a10de104	3.5e-28	7.4e-53	NA	NA	barrnap:0.9
46106f5c1a2dda999551e9675cd3568d	3e-31	4.8e-59	NA	NA	barrnap:0.9
4624d8b499cfebdb51299cbf4fe6d733	2.4e-31	4.8e-59	NA	NA	barrnap:0.9
4665c5931d19223624f1131f54ba5890	8.9e-33	9.1e-59	NA	NA	barrnap:0.9
46994e329da4f3393a8495036589323a	1.4e-25	6.7e-52	NA	NA	barrnap:0.9
469de5fc3cf24892ffdfad22b118bf4e	6.3e-27	1.4e-50	NA	NA	barrnap:0.9
46d7adabede05e82c23983ae3a85f1e0	1.8e-32	5.2e-61	NA	NA	barrnap:0.9
46e9544e9c5e7ed6d90a7b50a8a9c990	2.1e-28	4.3e-56	NA	NA	barrnap:0.9
46f09d7aa9bcac4a3e3e8574925eb57a	2e-33	5.2e-57	NA	NA	barrnap:0.9
46f556026cc87f5ffc6f9210fda126b8	2.3e-28	1e-50	NA	NA	barrnap:0.9
47d2f0adc9e8063c45ed211dfd73fd63	8e-27	3.8e-53	NA	NA	barrnap:0.9
48120f2d28136884787660eb4953652a	1.2e-29	2.7e-59	NA	NA	barrnap:0.9
4847e1cb657e9d0283072c43ecb4dc9c	2.9e-32	7e-61	NA	NA	barrnap:0.9
484f362cffbe754445394334e80b1a97	2.7e-33	9.6e-60	NA	NA	barrnap:0.9
48d8be76001a9d251dc030b142483539	2.6e-32	1.5e-60	NA	NA	barrnap:0.9
49542b70535b5b25483a9220abd05093	5.1e-28	1.1e-52	NA	NA	barrnap:0.9
49576219da5e194d6898f25be5a0723b	4.7e-32	4.4e-61	NA	NA	barrnap:0.9
49576e0bea989dceb986a4029ef81d5d	2.1e-28	2.5e-50	NA	NA	barrnap:0.9
4986c8b9aef9f68db9b4fd5676282468	3.8e-29	1.3e-57	NA	NA	barrnap:0.9
499f1c879aa937fd84ec658999d69c43	1.2e-29	6.5e-56	NA	NA	barrnap:0.9
4a2751bd17c9f02e5d8cb095ebc12c4b	8.1e-26	1.1e-51	NA	NA	barrnap:0.9
4a41987e319dd15386527e5975c50bbd	1.8e-27	6.9e-60	NA	NA	barrnap:0.9
4afbf45f017f69e11e9987ce9b6181c6	5.5e-29	1.1e-59	NA	NA	barrnap:0.9
4b3fc5de9758cf6cdb010bd41d101a65	7.1e-31	4.3e-58	NA	NA	barrnap:0.9
4b56151efcbb2809ac12c554e3afbf88	2.9e-27	7.3e-53	NA	NA	barrnap:0.9
4b7712254e4dd8d5bc585d4a6c5c2e88	7.7e-27	9.5e-53	NA	NA	barrnap:0.9
4bc1734d914705eeadfd0af8fda22c62	2.4e-24	1.2e-47	NA	NA	barrnap:0.9
4bcbefafa048c06a56a0d5196d864e14	2.7e-27	3.3e-50	NA	NA	barrnap:0.9
4bcbf9df2a88db649ea98f4b83911d2a	3.3e-28	1.5e-49	NA	NA	barrnap:0.9
4bf3ae0970aaceca6eddfb18bb125f4a	1.4e-27	1.7e-56	NA	NA	barrnap:0.9
4c81382d4e2a0335c5535b3e7e90e2a5	2.1e-29	1.2e-59	NA	NA	barrnap:0.9
4c974b834afe158c4265402ee0bfcbad	3.1e-27	6.7e-51	NA	NA	barrnap:0.9
4cbfff144d4e7a4e0f4619ed505be070	2.5e-30	7.2e-59	NA	NA	barrnap:0.9
4cc5231ea86506b08cdeebfec868214f	4.6e-32	3.5e-59	NA	NA	barrnap:0.9
4d0c66f2afafe8c0807fd9ead21a03b3	9e-29	5.4e-51	NA	NA	barrnap:0.9
4d5820aa4ac970c918dcb1e2e5facf03	2e-26	1.7e-50	NA	NA	barrnap:0.9
4d68997c42bc102fead568848205f820	7.1e-31	2.3e-59	NA	NA	barrnap:0.9
4d6c2959f9fd8df379626c48d23ab4ae	2.8e-30	7.6e-60	NA	NA	barrnap:0.9
4db1f9668fcebff493189edcbc1bf58c	9.4e-27	2.6e-50	NA	NA	barrnap:0.9
4debdb072999105a06ee39aa8779f01c	2.2e-30	1.1e-56	NA	NA	barrnap:0.9
4e0a65b0a2fab7bf0f307d360b679d87	8.6e-34	1.1e-58	NA	NA	barrnap:0.9
4e4a54c2f2db91504522043d04a4f1a0	1e-23	1e-46	NA	NA	barrnap:0.9
4ebcf74b2783b601ceaf1ca7a994420a	1.3e-29	7.9e-60	NA	NA	barrnap:0.9
4ed11405ae0cd46d8c58ce2a90094823	1.3e-33	1.3e-61	NA	NA	barrnap:0.9
4f2a5349763496350c048f29045e69cb	1.6e-28	2.4e-60	NA	NA	barrnap:0.9
4f983ab505c9e0936ecafdda621aead9	5.3e-27	4.7e-53	NA	NA	barrnap:0.9
4fba6fef450158c1bd1cbcb5a0e8f5e5	2.2e-23	1e-47	NA	NA	barrnap:0.9
4ff668ae90dd39afe2ed422c813f6535	1.7e-30	3.8e-61	NA	NA	barrnap:0.9
501a3e687c65822914e1a727e5f43331	6.8e-28	9.2e-58	NA	NA	barrnap:0.9
50858e63be204866a883234f3d6784e4	2.5e-28	5.6e-57	3.5e-07	NA	barrnap:0.9
508f20e209637dba0707ffad5841f9f5	8e-27	1.9e-53	NA	NA	barrnap:0.9
511dc7bf3bbe894c98664e23d4ddf3ae	9.5e-22	1.6e-47	NA	NA	barrnap:0.9
517361463983675d80ac2e7428a2437a	3e-30	1.8e-60	NA	NA	barrnap:0.9
517b36b986012394a442af4336b89612	1.1e-27	1.6e-54	NA	NA	barrnap:0.9
519b6c54592dbc28a24ce97433a3484d	1.8e-29	3.5e-60	NA	NA	barrnap:0.9
51b720a636a0144c8db4391e257e0887	8.5e-31	9.2e-59	NA	NA	barrnap:0.9
51f25709a976d7f22fac0662bdac6226	1e-26	3.8e-49	NA	NA	barrnap:0.9
5225de25bf8902d5a02c4af6e90cb5e8	6.4e-32	1.7e-59	NA	NA	barrnap:0.9
52573485a4521e007e4c5217fc5d7c68	5.7e-29	7.2e-59	NA	NA	barrnap:0.9
5284495840f983847ec0d0b741a9a471	3.4e-32	1.6e-57	NA	NA	barrnap:0.9
5292f29cab69c370997bcb039ef68d64	2.8e-28	2.4e-56	NA	NA	barrnap:0.9
52952b8133d057f2f0b1ccf3d89022bf	3.5e-23	2.9e-48	NA	NA	barrnap:0.9
5328bc3fa40912ff2a09f9a53ac20c93	1.3e-27	7.2e-53	NA	NA	barrnap:0.9
533b6c05a74b2c25a94f884d6fe42f9d	2.4e-24	2.3e-50	NA	NA	barrnap:0.9
533d12102a68064994d75cd26a0fe0e8	1.7e-31	2.8e-59	NA	NA	barrnap:0.9
53b0fd3931f3fa0c251dffc385875df2	1.4e-31	3.5e-58	NA	NA	barrnap:0.9
53b27a78081ad9bb9f90f4148f823174	4.9e-29	1.5e-54	NA	NA	barrnap:0.9
53e3a7d0830e15c8da2eaa66c65f55b6	2.5e-30	3.3e-55	NA	NA	barrnap:0.9
53e8f34b14b34a85e09d2cad651f71ae	3.7e-20	1.9e-52	NA	NA	barrnap:0.9
54d51ed7cab9675bab2ed4f9f471c484	2e-32	3.9e-59	NA	NA	barrnap:0.9
554a3271640afe1a706d4e69d0ff39ea	1.1e-32	6.6e-58	NA	NA	barrnap:0.9
5566acb244883af6764d57e122f242ad	1e-32	2.9e-59	NA	NA	barrnap:0.9
55b60296bc5a7532030150d24d7c2c61	7.8e-27	6.1e-53	NA	NA	barrnap:0.9
55c082f5ebee70b5d8987d00f86fdfcd	3.5e-26	1.9e-48	NA	NA	barrnap:0.9
55d47627190ded78b6d3756ac623c3e9	2.5e-31	2.7e-58	NA	NA	barrnap:0.9
55f2658f7b605509d87faed6518dd8f7	2.6e-27	5.9e-57	NA	NA	barrnap:0.9
5630abcf2a0751973b520c34da2efded	2.2e-24	4.2e-46	NA	NA	barrnap:0.9
566e0022eb4f65298883ce9017cca3e7	9.7e-29	8.7e-60	NA	NA	barrnap:0.9
569653b1659271a290facfcedd0de061	1.5e-32	2.6e-60	NA	NA	barrnap:0.9
5699b09d3c91c083e8ce6bcafc742e25	4.4e-25	9.5e-52	NA	NA	barrnap:0.9
56be4da3a014f35ce47922774c9156c9	7.3e-34	6.1e-60	NA	NA	barrnap:0.9
5778a1e5ccaf1e61f7514995a49e16b3	4.4e-35	1.9e-62	NA	NA	barrnap:0.9
57b3da7706fcffc4249c20841352d5eb	9.3e-29	3.5e-55	NA	NA	barrnap:0.9
57cd2a7fba2fa933e2f975527aa2b593	2.3e-30	8.4e-55	NA	NA	barrnap:0.9
57d7db0d1473a71e4955463f11cbbfb7	4.8e-27	1.4e-50	NA	NA	barrnap:0.9
583d137a1fa2a513e9830e9f87399051	1.5e-32	2.5e-58	NA	NA	barrnap:0.9
584a4d05382041f2c661d23a9b01849e	5.7e-29	3.4e-58	NA	NA	barrnap:0.9
5858157a5f3c4bdbc235927eae7ff303	5.4e-27	2.3e-52	NA	NA	barrnap:0.9
5a3fb54ab8d337ec25bb99d1e1dc86e5	6.1e-32	5.7e-59	NA	NA	barrnap:0.9
5aba70a2b5c11d681ad33f5e9b9028fd	3.4e-28	5.4e-60	NA	NA	barrnap:0.9
5b34ef8c9b86e76a3a94651bbaab781a	4.4e-31	4.5e-61	NA	NA	barrnap:0.9
5b416b0e37dae3d1bc6be9efd651af03	7.4e-27	4.1e-56	NA	NA	barrnap:0.9
5b65af7e10b0195fdea637295ed6ffcd	7e-29	4.3e-59	NA	NA	barrnap:0.9
5bbc37962b69b4f2cf25bbad864f8406	2.9e-25	3.5e-49	NA	NA	barrnap:0.9
5c08a24e213df4d8ce3b0005c06c9255	4.8e-30	1.3e-58	NA	NA	barrnap:0.9
5cccf7518863f8d2a3ba22af83b8776d	8.8e-32	1.3e-58	NA	NA	barrnap:0.9
5cdef913913e1913b2b59545ce8a9635	1.2e-31	2.7e-57	NA	NA	barrnap:0.9
5d1667243c6e5cb6da9ef269f4233d8a	2e-30	8.5e-59	NA	NA	barrnap:0.9
5df1c5c06a1966d13b17f1f5df672777	1.5e-33	4.7e-60	NA	NA	barrnap:0.9
5e18094f37d33836726fabc09f8e46fc	1.3e-27	6.8e-58	NA	NA	barrnap:0.9
5eaeab6fa2a8efe96eac7a0712c65080	3.1e-29	1.3e-54	NA	NA	barrnap:0.9
5ecffa604b1e7575b30f2b2f91f1fbb2	6.9e-29	4.2e-50	NA	NA	barrnap:0.9
5f1f6453ad88dc836876671d27f97f58	7.9e-30	1.4e-53	NA	NA	barrnap:0.9
5f3a5663d7eeafaa4c01555036c19903	9.5e-27	2.6e-52	NA	NA	barrnap:0.9
5f756cef32e705aba2d99b6a6d7ec537	5.4e-29	2e-55	NA	NA	barrnap:0.9
5f96474e7cc53c9efb90a4227e989ad0	1.7e-27	8.1e-52	NA	NA	barrnap:0.9
5ff8e498511cf932f268d705707899f2	3e-32	1.3e-59	NA	NA	barrnap:0.9
601101d33cdf43a40bd674a50711af52	5.5e-31	9.7e-61	NA	NA	barrnap:0.9
6029b6d577dc94c889346905e3d9eaf5	2e-27	3.8e-48	NA	NA	barrnap:0.9
604b480f7533f95d7bf5cc8f45961ac7	2.4e-30	9.1e-57	NA	NA	barrnap:0.9
604c34e84dd6e28735ad7ba408778084	4.2e-31	2.2e-61	NA	NA	barrnap:0.9
607a1bcc4baccac25c567bbb74d81cdf	4.5e-29	4.3e-52	NA	NA	barrnap:0.9
6089e3455fdfb31efad4063931738ce7	1.6e-29	5.2e-60	NA	NA	barrnap:0.9
60a2e0a4d6760de56ad66a42a4093dc5	1.8e-32	1.3e-58	NA	NA	barrnap:0.9
60df4ba7c6778497fd829ed948e4490e	4e-58	2.4e-36	NA	NA	barrnap:0.9
60f93fed83d17d00026301844c347826	1.2e-28	6.5e-58	NA	NA	barrnap:0.9
610fec3c1f64661f446a6e8270f23d0c	1.1e-27	4.2e-51	NA	NA	barrnap:0.9
6128c061f0201a07dcabe9199a0ba49e	8.6e-30	6.3e-54	NA	NA	barrnap:0.9
617811c4f57456f73279588afb2ea3c6	1.7e-28	5.6e-56	NA	NA	barrnap:0.9
61af0cd77556fe6386b4df0d2c77dfa2	9e-32	2.1e-61	NA	NA	barrnap:0.9
61db0bd527e07336202fd0ff4578c042	5.1e-32	4.5e-59	NA	NA	barrnap:0.9
61f1551701cec2a256a12f0cdfa1cf84	2.5e-32	3.3e-61	NA	NA	barrnap:0.9
61f4e4fc3302e21d13eb984c4e268f7e	3.8e-32	1.4e-58	NA	NA	barrnap:0.9
621492842a9298d79db8d956f546cd46	9.9e-34	7.1e-61	NA	NA	barrnap:0.9
62669fe8cbcac323242a062e3c6a3386	1.3e-32	1.9e-59	NA	NA	barrnap:0.9
626f6701c9ffcd236ce70dff33bec739	7.2e-27	1.2e-57	NA	NA	barrnap:0.9
62ae243ee000954dd16cbb9f968a1789	8.6e-27	5.4e-51	NA	NA	barrnap:0.9
62dc76a09326c359be5946507e82e9fa	3.2e-28	2.9e-56	NA	NA	barrnap:0.9
63088cc69f4921fd5b257664064a30f6	2.6e-30	1.9e-58	NA	NA	barrnap:0.9
6337b308d49ea78bc68f9100ca6c62b4	1.2e-28	6.2e-59	NA	NA	barrnap:0.9
634e293920d238dfa24961d096247760	7.7e-27	1.5e-54	NA	NA	barrnap:0.9
6376afe21b76417b842a603c167bdcdc	6e-32	1.6e-55	NA	NA	barrnap:0.9
63919a16b01fd36d5ae5abe0a16a23c6	1e-25	7e-59	NA	NA	barrnap:0.9
63afc1d9241a18edd017ab9684eecafb	2.9e-29	8.5e-60	NA	NA	barrnap:0.9
63ba9b382210ee67825a48259fe6ac35	2.1e-27	6.3e-57	NA	NA	barrnap:0.9
63e7b429d91966909c8b2e461d471b7c	3.8e-32	3.4e-60	NA	NA	barrnap:0.9
642962327b90aba5c2265b6ce4041a3d	8.3e-27	1.2e-53	NA	NA	barrnap:0.9
642bd03a82fe17b2adfa132fb134b904	1.7e-32	2.3e-60	NA	NA	barrnap:0.9
643369b15fc624a9243bab1d2823c225	1e-27	2.8e-50	NA	NA	barrnap:0.9
647d11bd18aab6cfb71a394ecdab0c27	2.8e-24	2.5e-51	NA	NA	barrnap:0.9
64b75473aff451e76e946c655fcbb361	2e-28	1e-58	NA	NA	barrnap:0.9
64c48d34bfc2889dfe1788d653ecda6d	1.5e-21	3.7e-43	NA	NA	barrnap:0.9
64f46335f44a408dc5b0bb7e309454f9	5.3e-29	3e-57	NA	NA	barrnap:0.9
6522f6181df11a3eed02eeff78ab3420	9.5e-24	3.7e-50	NA	NA	barrnap:0.9
65d43491988bfe557da4d86a5ba25dae	5e-31	6.4e-60	NA	NA	barrnap:0.9
65e42c2d69bcf093aa2417e578bde9ec	4.6e-32	3.3e-60	NA	NA	barrnap:0.9
65ec17bde16247dae43cc95be7729dca	5.4e-31	4.3e-58	NA	NA	barrnap:0.9
65f42909a58880d0d55e07256a7a3063	4.6e-25	4.8e-48	NA	NA	barrnap:0.9
66063c3a2e5cc0fd8b0b301cdbb7c0ce	1e-30	6e-60	NA	NA	barrnap:0.9
6616dc3bd6aeb3e26b9b2218290ea574	3.7e-26	5.8e-53	NA	NA	barrnap:0.9
67088be21010290a02813d727dd577bc	2e-26	1.1e-52	NA	NA	barrnap:0.9
675c847bccbc53942ebb7b8cbb4efc4d	2.8e-23	2.1e-47	NA	NA	barrnap:0.9
675df60bfe10a0076c6359d6ce9e3c6f	3.7e-32	1e-58	NA	NA	barrnap:0.9
67a0fb4656443a145f3e8068e761faef	4.4e-33	7.4e-59	NA	NA	barrnap:0.9
67b6952c9643729c9d1e0a668544791b	5e-29	8.1e-53	NA	NA	barrnap:0.9
67c608c8a5adf635ffa1e39e09d75551	5.7e-29	2.4e-55	NA	NA	barrnap:0.9
67da37a27427f41e9a28d4bcd418445b	1.1e-30	6.8e-57	NA	NA	barrnap:0.9
683282878b7ef2a87187bc3172b91f97	3.8e-30	2.8e-54	NA	NA	barrnap:0.9
6851a4ee264b56be2fff4686ce269907	6.1e-33	3.2e-60	NA	NA	barrnap:0.9
68744889f487638d08ed32c4f8819bc0	1.2e-25	5.6e-51	NA	NA	barrnap:0.9
68874b8b5adfc8dc8640f7e680118a96	9.3e-32	8.1e-59	NA	NA	barrnap:0.9
688aa644a2a47170be574c7d54602d73	4.3e-30	1.2e-60	NA	NA	barrnap:0.9
68ba7844db3efef0a9236eaacd670379	9.8e-27	4.3e-51	NA	NA	barrnap:0.9
68fa774186c9987b535e1721a43dd1cf	4.9e-29	1.4e-54	NA	NA	barrnap:0.9
6928971040e6116b9a3f5c9c9bf41adb	1.5e-28	3.3e-56	NA	NA	barrnap:0.9
693536ed0522ad4297c0bc8c31b22526	9.2e-58	1.9e-35	NA	NA	barrnap:0.9
69a11f927915e2a3ba1f7b9c84486527	5.3e-29	8.1e-57	NA	NA	barrnap:0.9
69f3688d6f4f3c6abb46bea6ca1dc833	2.5e-25	4.9e-51	NA	NA	barrnap:0.9
6a1f9223fe78243056d2ddb2ad7a01dc	7.4e-29	2e-59	NA	NA	barrnap:0.9
6a8118b17d1d40cf877db24449ceb616	3.1e-32	4e-58	NA	NA	barrnap:0.9
6aaac37f56d07ffcea4fe9ef1cd00d2f	1.9e-29	4.6e-55	NA	NA	barrnap:0.9
6b091fa639fed260ee28975ad019aa78	2.5e-30	8.9e-55	NA	NA	barrnap:0.9
6b8307a0222360f36caf7065c78ff424	8.6e-30	4.5e-57	NA	NA	barrnap:0.9
6b9d78a8865c9d864a10b32a40b3f3d6	8e-24	7e-54	NA	NA	barrnap:0.9
6c3ae497b62fee6be1e5fc0931e479a0	1.4e-31	3.7e-60	NA	NA	barrnap:0.9
6c921e3ae0af506f54295d074ca071bc	4.2e-32	3.2e-57	NA	NA	barrnap:0.9
6d09c0ef8e5a3869cf6aaed68fac1cc5	2.2e-29	7e-59	NA	NA	barrnap:0.9
6d2e07aaf463d1a51049dd06e2b3bf39	3.5e-33	3.4e-60	NA	NA	barrnap:0.9
6d3b809a0f2549e9d3a7652fe65a8320	3.5e-30	5.9e-54	NA	NA	barrnap:0.9
6d4ab2107d92228c6751838e7dbbe697	3.8e-31	9e-60	NA	NA	barrnap:0.9
6d894f3f836cf87aee60ebd067ad5dcf	5.9e-29	1.7e-57	NA	NA	barrnap:0.9
6db820962a5bf3ba7e0fe7f3f9dcc994	1.8e-25	1.4e-51	NA	NA	barrnap:0.9
6df075705fb135c7175c9437cbdbf3f2	1.1e-23	9.8e-54	NA	NA	barrnap:0.9
6dfb118aa8b73ede1bdb71dedc23838c	9.4e-27	4.3e-52	NA	NA	barrnap:0.9
6e57b32b545e72b802822e1554c70868	1.1e-33	2.6e-60	NA	NA	barrnap:0.9
6e813d0f74c861d4b78937088fa153eb	2.4e-26	1.1e-50	NA	NA	barrnap:0.9
6ea54ccb9910440d1a9bd011cca68e0a	3.1e-29	1.8e-59	NA	NA	barrnap:0.9
6eaef2dd2e8097421a196c104a2b76c8	4.9e-33	1.5e-59	NA	NA	barrnap:0.9
6ec28c2b824d2c06d364da77794b73e0	2.6e-30	6.1e-54	NA	NA	barrnap:0.9
6f1cbae792de3e1162d3d7dffbe4bb20	3.9e-31	3.3e-59	NA	NA	barrnap:0.9
6fa80f1db3240ee06c1597c1f13fef37	2.5e-25	2.2e-54	NA	NA	barrnap:0.9
6fc6005a54cee816ebe4e0596385624a	1.4e-29	3.1e-59	NA	NA	barrnap:0.9
6fdae6a657d27747bb6d272614284d28	3.1e-28	2.1e-54	NA	NA	barrnap:0.9
708b000c48dbefb1454b79108d2a1f70	4.8e-33	1.5e-59	NA	NA	barrnap:0.9
708c11731fdd4b7cad3681f434fe0d02	1.8e-27	2.2e-58	NA	NA	barrnap:0.9
70ac5887b9e734f4234760829575d372	1.2e-26	2.4e-50	NA	NA	barrnap:0.9
70ba7f010c09d57ed2362bd06da989eb	1.2e-23	9.5e-52	NA	NA	barrnap:0.9
70d13e5b7266adab55f453d30cbe6027	3.2e-27	1.7e-56	NA	NA	barrnap:0.9
714fb0a6c3a9e66e8a4dca8dc23a7008	1.3e-26	1.8e-51	NA	NA	barrnap:0.9
718d236a5282faf1add797b2e5ab9d6a	4.3e-31	2e-59	NA	NA	barrnap:0.9
71a6d8ff0b743989da17462de36917d1	5.7e-26	9.5e-53	NA	NA	barrnap:0.9
71ee9e23264dbb0d69046f3686e6e131	2.1e-29	3.9e-56	NA	NA	barrnap:0.9
7215e6796de3e835c8879da79b1b708d	2e-33	1.3e-60	NA	NA	barrnap:0.9
721bbde09abf2f51fc7d8caeab5b22f1	5.6e-30	1.8e-59	NA	NA	barrnap:0.9
72b8d567c51d457b1905c657e890b0dd	1.7e-25	5.6e-50	NA	NA	barrnap:0.9
72c8f7b94c9f88abc77ead72743fd4aa	3.2e-30	3e-56	NA	NA	barrnap:0.9
72d17848c5b12be04c3c862c2faea456	7.1e-24	1.1e-49	NA	NA	barrnap:0.9
72e530a4206f2e4804d502f4dfca8387	4.2e-26	5.5e-51	NA	NA	barrnap:0.9
730f9c0069db912ce053ccdba97c95f6	5.7e-26	8.4e-51	NA	NA	barrnap:0.9
735cb9abbbc8ff2b5b354be608a3a869	3.3e-31	5.7e-58	NA	NA	barrnap:0.9
73988ca4a2a28e3f69467ac489ac0397	1.7e-31	2.1e-57	NA	NA	barrnap:0.9
7421a0056850e30172e2c541c9215c11	1.1e-28	4.7e-56	NA	NA	barrnap:0.9
742e1f191223f58590661de80b9d6e3b	3.7e-29	7.9e-54	NA	NA	barrnap:0.9
746adafa77b500dc7cd8b896da738f1b	2.1e-57	1.3e-35	NA	NA	barrnap:0.9
74c5c6ee3a8130dea1991a3ec7d285a9	7.7e-35	8.1e-59	NA	NA	barrnap:0.9
74c8bf541ad58c8a712978042f17f3a2	2.6e-30	1.5e-52	NA	NA	barrnap:0.9
759456dbbcad59cfb49ade008456f99e	3.6e-28	1e-51	NA	NA	barrnap:0.9
75ba7fba232bce1e9c7e0ce8917a0ada	1.2e-26	2.1e-53	NA	NA	barrnap:0.9
75bd82a728427b9fe0161be3977a9dee	4.3e-27	8.2e-57	NA	NA	barrnap:0.9
75bd8c1a063eacb57ca39e50152dc185	4.9e-30	3.5e-59	NA	NA	barrnap:0.9
75beb3f89998b8f765e06ed125eaaeb7	1.1e-29	3e-57	NA	NA	barrnap:0.9
75d93993ab5eb2bcee32c27de491c2cb	5.4e-31	2.4e-57	NA	NA	barrnap:0.9
763d04868bf88ec84afc9580955025e3	1.4e-33	1.2e-59	NA	NA	barrnap:0.9
76b219eb7351347070ab7205275b9c02	4.3e-25	1.2e-49	NA	NA	barrnap:0.9
7726421ee05809d6c82e6efb59fb7efe	8.1e-27	5.7e-52	NA	NA	barrnap:0.9
775c72aa57a72b052a3f9c39f26346c9	9e-25	2.1e-48	NA	NA	barrnap:0.9
7799200040e84123975fe96a93db4500	2e-32	1.2e-59	NA	NA	barrnap:0.9
779f370d3f099bfc71186a8849bfa941	2.3e-32	6.4e-60	NA	NA	barrnap:0.9
77d3717ad9d36884dc0c52d6b585b633	3.4e-26	8.6e-51	NA	NA	barrnap:0.9
77f352b310dc941a969edf6536c2e820	7.8e-26	5.4e-54	NA	NA	barrnap:0.9
78b208f5e537582eb540403ec778ca6d	1.8e-29	1.6e-59	NA	NA	barrnap:0.9
7a6a394fe7285b50ee54b56f316a3944	8.3e-28	1.1e-52	NA	NA	barrnap:0.9
7aac01b1a3a985d64deb287def40dddc	4.7e-33	4.2e-59	NA	NA	barrnap:0.9
7ac5b3a5c082a4143800af34babcf3aa	1.2e-31	4.5e-59	NA	NA	barrnap:0.9
7ac8c70ef63831044aa59035b5b5c393	5.2e-30	2.7e-56	NA	NA	barrnap:0.9
7aed90fb085e16c3c98bfa68130096d0	1.7e-32	9e-61	NA	NA	barrnap:0.9
7af6421556f51843a5e8c29e57ad14f7	8.2e-29	6.4e-52	NA	NA	barrnap:0.9
7af6fc12809fdafab918881f836460f8	2.1e-32	6e-60	NA	NA	barrnap:0.9
7b28c20e72c6c95b3e604f0849245770	1.7e-29	3e-53	NA	NA	barrnap:0.9
7b9c8d4a1896d84d92ab4820edd025a6	9.1e-31	2.8e-59	NA	NA	barrnap:0.9
7bacf637b0a935317e9de08fd1bcb72c	1.2e-26	2.6e-50	NA	NA	barrnap:0.9
7bec267b66361a3a0b4e8f1b7424f79b	9e-29	3.5e-57	NA	NA	barrnap:0.9
7c0b8ad157beb2c356e66271f3887772	3.6e-24	3.5e-47	NA	NA	barrnap:0.9
7c1d4347c394b07a360ae8d20568dc29	3.6e-33	6.5e-60	NA	NA	barrnap:0.9
7c46b2e172644c15f92dc787d50f20da	2.2e-31	6.5e-58	NA	NA	barrnap:0.9
7cac7c3aec0f02653843c06a7b013008	2.8e-25	1.5e-54	NA	NA	barrnap:0.9
7cd7b7a435760513b16bad9e0623b5ed	1.8e-29	2.5e-59	NA	NA	barrnap:0.9
7d02f99e2ea00512b055a4e70f84c18b	4.4e-24	3.1e-47	NA	NA	barrnap:0.9
7d49a9468df2a85e76c1accbc0903ed0	2.2e-32	6.5e-58	NA	NA	barrnap:0.9
7d518e827d9d6a525a3c1d4b64bdc73c	5.9e-31	6.9e-60	NA	NA	barrnap:0.9
7dcd6871fdb2d66e4a3bff166557cfc1	5.2e-20	1.8e-52	NA	NA	barrnap:0.9
7df59a1e35d66da32e97b4c94e750948	3.4e-34	1.3e-58	NA	NA	barrnap:0.9
7f0dd82c3fea3796315b81ad632e2bde	1e-23	1.6e-46	NA	NA	barrnap:0.9
7f24ad12f37f52f5c6484500c8311128	2.3e-29	2.7e-58	NA	NA	barrnap:0.9
7f2784bec88d8f46bb89f8f21151c9f6	3.7e-30	1.6e-58	NA	NA	barrnap:0.9
7f52808942f645b5beaaa4398c4327a1	7.3e-28	9e-56	NA	NA	barrnap:0.9
7f55266740cf5f37b472f65e47fed095	7.9e-31	5.5e-57	NA	NA	barrnap:0.9
7f84a5bb3389f9ad014bed2d5014901e	8e-29	1e-60	NA	NA	barrnap:0.9
805c0959b90cd47bb52d9f6571c5fb6a	4.2e-33	7.2e-60	NA	NA	barrnap:0.9
807ab4dce101a0cca3e66c559d190b9a	4.9e-33	2.1e-61	NA	NA	barrnap:0.9
8087ffdd0fb57a7353912bfdf76ed2c5	5e-29	1.8e-55	NA	NA	barrnap:0.9
80e6f3d518113ef6935fd76187ca8c31	5.2e-27	4.8e-53	NA	NA	barrnap:0.9
811f358e4e89eecbd75298ffce878cba	4.9e-33	3.6e-60	NA	NA	barrnap:0.9
81eb7aea79c02bc7d2c08711f231085f	1.1e-31	4.4e-61	NA	NA	barrnap:0.9
820f6693f569e339f183638cd73a7fe6	2.9e-30	6.2e-56	NA	NA	barrnap:0.9
821130ba72e86c335c55c269f31db0d0	2e-27	3.2e-58	NA	NA	barrnap:0.9
8212472385df0dc1b6527a764d613b7d	2.4e-33	1.3e-57	NA	NA	barrnap:0.9
8222611fd6dd9ee388e2e7c747ee2c5d	5.1e-32	3.5e-59	NA	NA	barrnap:0.9
8248a6035d53297db49f6acddf786e84	2.8e-28	1.1e-55	NA	NA	barrnap:0.9
82951a303da449dcef90cdd0400440f0	3e-32	9.6e-60	NA	NA	barrnap:0.9
82b6b13c800633859b139cf0569b4cda	1.1e-25	5.1e-50	NA	NA	barrnap:0.9
82e5ebea7d08e2ab2713f0369a1a3ed5	9.9e-29	1.8e-55	NA	NA	barrnap:0.9
82ffe67691e49a458d6c70fa4b7f7967	1.8e-28	5.4e-56	NA	NA	barrnap:0.9
83099ad6f9ab9439f65fdacd36186a87	3.3e-23	1.8e-47	NA	NA	barrnap:0.9
832888361dcddf9b9726344c870ebff8	1.2e-29	4.5e-56	NA	NA	barrnap:0.9
83675d30639c20d61e9f59c2b956ee5b	6.5e-32	1.2e-58	NA	NA	barrnap:0.9
836cd5ea357ad392c00a7e48d921be1d	2.4e-28	2.6e-55	NA	NA	barrnap:0.9
83941c866cf817b40ce5e4e6ca3ca1a5	5.2e-28	1.8e-53	NA	NA	barrnap:0.9
84135a0b2ffd4bf0902d223d4ee001dc	1.9e-30	1.3e-50	NA	NA	barrnap:0.9
84550cce045fd4f2ad79ff760621f374	1.9e-30	5e-60	NA	NA	barrnap:0.9
851bd80d021dcf4e9f3f11e95310927c	2.5e-34	3.2e-59	NA	NA	barrnap:0.9
851c7990fae0a661eacab06f0e5e2775	8.5e-29	1.4e-55	NA	NA	barrnap:0.9
856b6383f7e4eeaad0867e7c166cbbd9	2e-29	2.5e-58	NA	NA	barrnap:0.9
85e5ede55475db786cf21883cc164f5a	1.1e-33	3e-60	NA	NA	barrnap:0.9
85eb7ef25deab436ccd86d33231ba353	3.7e-25	6.2e-54	NA	NA	barrnap:0.9
86be1a9dc9861273579529b5ec2cfcb7	2.6e-34	1e-58	NA	NA	barrnap:0.9
870c2e3e8ebeb830c2d64ee56078f58b	1.9e-31	9.2e-61	NA	NA	barrnap:0.9
87de8773dd51731f434c4b37440d3d50	5.8e-25	3e-55	NA	NA	barrnap:0.9
8848eb3fd8a45f8d9c9e623467f19c46	1.5e-28	5.6e-59	NA	NA	barrnap:0.9
88810892aa8d6048db8dfb6649990e39	8.7e-24	2.3e-52	NA	NA	barrnap:0.9
889f48a8e6d79f014901395d46b5f91a	1.5e-25	3.4e-52	NA	NA	barrnap:0.9
898eb92ef2d1ef893f7d0c383527b44d	3.1e-31	1.3e-59	NA	NA	barrnap:0.9
89ddf52e50218f8dff5d6e93e6e65f0a	2.1e-31	5.9e-61	NA	NA	barrnap:0.9
8a25bd37da8e1ea80ffedb5bf85fc8f0	1.2e-28	1.4e-57	NA	NA	barrnap:0.9
8a425af2ecca6ca578cc37e2df6ae1aa	1.6e-23	2.5e-48	NA	NA	barrnap:0.9
8a4b191ffaf31fbf7ac8c5219ab2ad90	1.4e-24	2.8e-49	NA	NA	barrnap:0.9
8a9f3d5a74bf2dc4d48ed538e8fe0567	1.5e-31	1e-56	NA	NA	barrnap:0.9
8ac6eb8f6cb6cb09ec627e2a9cc972bd	2.2e-30	1.2e-58	NA	NA	barrnap:0.9
8accf78a9da5545f0d14052926431a26	1.5e-26	3.8e-51	NA	NA	barrnap:0.9
8adb7daf39ed5ef85f6eca952650463a	9.5e-25	2.8e-51	NA	NA	barrnap:0.9
8af49bc8a804f6d85ca5fa00a7c9dda8	5.8e-28	3.4e-56	NA	NA	barrnap:0.9
8b1acc3c63edd8908d6c26f1c31f21a7	1.4e-26	2.3e-51	NA	NA	barrnap:0.9
8b60b9f07eb207f7a06c3ed6f1194e95	9.8e-26	2.9e-50	NA	NA	barrnap:0.9
8b80340fccbb20bbc0b06b52e5a279cd	3.4e-22	7.9e-55	NA	NA	barrnap:0.9
8bb646ff18ee0ce1e1780a5e76a84fa8	6.5e-24	3.5e-50	NA	NA	barrnap:0.9
8be9dac75adfd36649c004c8b72de91d	3.9e-27	2.9e-54	NA	NA	barrnap:0.9
8c0239c8668a61429ab6f64e31167e7e	4.2e-26	2.3e-50	NA	NA	barrnap:0.9
8c1405203eda4bb4e715ef54f3e3528d	2.5e-26	9.1e-51	NA	NA	barrnap:0.9
8c6c0129e94a6fac6d3cd974979a017e	4.9e-22	5.1e-46	NA	NA	barrnap:0.9
8d16493f61b4859028a7a760a82751ce	3.5e-27	1.6e-51	NA	NA	barrnap:0.9
8d703908c09c7cb0da2a4398dd74f9f8	9.9e-30	2.7e-60	NA	NA	barrnap:0.9
8da18b476b64f6f053647455b6890f80	1.6e-31	3.7e-58	NA	NA	barrnap:0.9
8e6f1849d93723676dff6cb1962941a8	7.7e-31	5.6e-58	NA	NA	barrnap:0.9
8e8a0a64f033aae0b0302c80fd35b82a	1.1e-31	1.5e-59	NA	NA	barrnap:0.9
8ee89f151c34530344deec07ac9bee81	7.2e-29	4.6e-57	NA	NA	barrnap:0.9
8f7eb9ea78e61c8a75f0f84d1b095145	2.5e-35	2.3e-59	NA	NA	barrnap:0.9
8f865107fea73820d58138f89890e9c5	1.3e-25	1.1e-47	NA	NA	barrnap:0.9
901c9973bde010c1a5c49023e63cc252	2.9e-32	1.1e-59	NA	NA	barrnap:0.9
902da2377ff63da425329d10aff3e261	2.1e-31	3e-59	NA	NA	barrnap:0.9
90341c9ce791289cc32e350b44807ffb	1.2e-26	3e-51	NA	NA	barrnap:0.9
90489a5554b8ab7e8b0001ef528c7d78	7.7e-28	6.8e-54	NA	NA	barrnap:0.9
9085d661783c8598c67ce1874adbf225	2.7e-33	1.1e-60	NA	NA	barrnap:0.9
90af557cc26632ec6ee2ff7e43a0ff5b	2.5e-26	1.8e-58	NA	NA	barrnap:0.9
9129a83558e80b03a9a3ff04d6f61f19	7.1e-28	8.9e-59	NA	NA	barrnap:0.9
912be8584f2922bdad629e630768493e	9.9e-25	1.6e-50	NA	NA	barrnap:0.9
9138033b5a23a50975129d78a7f2113f	3.2e-33	6.8e-60	NA	NA	barrnap:0.9
914ff72391bad9d7f4b4bc92831566ff	1.9e-29	7.6e-50	NA	NA	barrnap:0.9
91586c7def006e6b29ddd83a5da05508	8.5e-30	8e-59	NA	NA	barrnap:0.9
91a093473cad95da81d9ebb47d5ef0c5	2.7e-33	5.1e-58	NA	NA	barrnap:0.9
91c6bd1773aaec302882b43aff6babc4	6.7e-27	9.3e-51	NA	NA	barrnap:0.9
922d33a2963d3e87a3d4df6b82371235	7.4e-31	1.2e-59	NA	NA	barrnap:0.9
924668f542df9de35c2226e4a6cf09bd	5.4e-32	4.8e-58	NA	NA	barrnap:0.9
924ab5cb47309a83e71d60320378d194	8.3e-34	9e-59	NA	NA	barrnap:0.9
92a39a395d77930268eb745d5cdd868f	4.8e-32	2.6e-57	NA	NA	barrnap:0.9
92b8a97dbdde7cd3517311bf75a93a25	2.1e-25	1.5e-49	NA	NA	barrnap:0.9
9304d282ae838ac6c3475fc45f180a5d	1.3e-34	1.6e-59	NA	NA	barrnap:0.9
9317a85e5ee38b019e30ee3aee0f21e0	2.5e-33	3.1e-56	NA	NA	barrnap:0.9
932965d7ed2166402b521fea7a1029a4	1.4e-31	1.4e-58	NA	NA	barrnap:0.9
934b1ae719df62ead4cfe21925f42049	1.8e-31	4.2e-60	NA	NA	barrnap:0.9
935d91d7cb0179a0e24c1e5a47cba5c7	8.1e-28	1.6e-51	NA	NA	barrnap:0.9
938fbbe51af86d1d7ebd6817a0f0bd24	5.8e-29	6.1e-56	NA	NA	barrnap:0.9
93a663a9945c3a9f3e2b83205ff726f2	2.2e-27	8.2e-50	NA	NA	barrnap:0.9
93a6c8e48c3242ede19d1e7ac1a7c9d0	6.9e-31	3.1e-59	NA	NA	barrnap:0.9
940c5c7f5d291961c87dd25da8580e29	1.5e-29	9.2e-55	NA	NA	barrnap:0.9
943604f71971b419a2367b530186303f	5.2e-26	2.7e-46	NA	NA	barrnap:0.9
943bb6563a0885ce3f056a6a084a3ef2	4.5e-28	8.4e-53	NA	NA	barrnap:0.9
9441ebd7d976e935bd4f3f85ad6b9cd5	2.6e-24	6.3e-50	NA	NA	barrnap:0.9
945184b6386c192c0066e0a98a154780	4.3e-30	1.2e-58	NA	NA	barrnap:0.9
953b2412b1844b15da093bb6182ddb38	5.1e-30	1e-51	NA	NA	barrnap:0.9
955ab4b83998ed6ddf6e83687c3d435d	1.6e-29	5.6e-56	NA	NA	barrnap:0.9
9580aa8a52ec18a4e92e701cdb595faa	8.3e-29	5.3e-60	NA	NA	barrnap:0.9
958d78a02bef69a795806f97adb117ea	6.3e-33	4.4e-60	NA	NA	barrnap:0.9
959d2fee807ff8dc6c1b2fdad71494f9	2.6e-30	1.1e-55	NA	NA	barrnap:0.9
95cb9425e535d9363cb0737b34fefe13	1.2e-27	6.1e-54	NA	NA	barrnap:0.9
95d6a2a0e7a344010b5fd670677848e1	5.9e-30	8.1e-56	NA	NA	barrnap:0.9
95f8bfae476d6319c680f98c95de18ea	3.8e-21	1.3e-55	NA	NA	barrnap:0.9
95fdd816723ca482a5caba10bea171c8	3.9e-32	2.1e-59	NA	NA	barrnap:0.9
9624ce4cefb03530aaafca65b645cfcc	1.8e-30	1.3e-58	NA	NA	barrnap:0.9
9639a3291729a3758207b47715d9205f	3.3e-29	2.8e-58	NA	NA	barrnap:0.9
96cf4779be686036f92ee15e58b72d52	1.4e-33	1.4e-56	NA	NA	barrnap:0.9
96f768c989562d56f770ca5187a518cd	1.4e-29	3e-58	NA	NA	barrnap:0.9
975d5aabbcbb53d18b84ee9a8024fcd8	4.4e-29	6.4e-54	NA	NA	barrnap:0.9
97d033725a3fcb0e6b0f9554365d4e0f	3e-28	5.9e-55	NA	NA	barrnap:0.9
97fbd9fac072dc24ef7af2e143df17a1	2.9e-26	3.1e-51	NA	NA	barrnap:0.9
98143d3e3cd541c0028117de28d58c8c	5.2e-32	2.7e-59	NA	NA	barrnap:0.9
988bad1f130f969e63d3ca8ae36b7eb4	2.8e-28	5.3e-59	NA	NA	barrnap:0.9
98bcf713cdab713b589f72f2ebcef570	4.4e-28	3.3e-58	NA	NA	barrnap:0.9
98f7a3ab6c00ede77b927f2239576bac	8.4e-32	4.3e-59	NA	NA	barrnap:0.9
9908fffab7ed4f3bec44cda2f5084d49	1.7e-32	1.5e-60	NA	NA	barrnap:0.9
992f0b2cc98ca40445e88a98a044838d	9.9e-30	6.3e-56	NA	NA	barrnap:0.9
99cea37220eb0ad9b935f2b5664ecc99	2.5e-30	3.5e-57	NA	NA	barrnap:0.9
99d1110a747f2702d8c86c94633237e0	3.6e-33	2.7e-58	NA	NA	barrnap:0.9
99deb3c5ecb022ec05609ebd1112a557	6.2e-28	2.9e-53	NA	NA	barrnap:0.9
99e433a3ce4d5290445f668df2c9147e	2.4e-32	1.9e-59	1.8e-07	NA	barrnap:0.9
99ee92e36a3bfda54437f2370facd8c8	5.8e-31	6.8e-59	NA	NA	barrnap:0.9
99ef34e997a13db7b21fd6ab1feece2e	1.2e-27	1.5e-59	NA	NA	barrnap:0.9
99fb9382309c4df284441f7c20d143c5	1.6e-31	4.3e-60	NA	NA	barrnap:0.9
9a28e6b1aaae69477039957bc8a1222f	1.9e-33	6.3e-59	NA	NA	barrnap:0.9
9a67e1965fe9ce8fed8d8fbe40c3ec36	8.2e-27	1.6e-46	NA	NA	barrnap:0.9
9acb555d3c5dd77e9035a661e7ad1bb6	5.2e-30	9.8e-60	NA	NA	barrnap:0.9
9ad25b7b2bc4d5830e598e6995e0e068	9.3e-28	3.1e-55	NA	NA	barrnap:0.9
9ad8a4b4ac026410580eba0d644d0ad0	3.9e-30	2.3e-60	NA	NA	barrnap:0.9
9b42d60b0fe37d98c95da54883a96291	8.6e-32	1.6e-59	NA	NA	barrnap:0.9
9b535c2a853c5a574b442a186657c18a	1.1e-26	2.8e-55	NA	NA	barrnap:0.9
9b5811da3588dc72c1fce3ea07d51eac	1.5e-26	7.8e-51	NA	NA	barrnap:0.9
9b89b811be9292552e327f16a217ee6f	1.7e-31	5.3e-60	NA	NA	barrnap:0.9
9b949fd60aa7471327409d848807f453	3.1e-27	4.2e-59	NA	NA	barrnap:0.9
9c6688b479e664fa9d070647653e49ed	6.4e-33	8.3e-60	NA	NA	barrnap:0.9
9c929bf7ed5e6cc944a8b221c0ccadfd	6.7e-29	7.9e-55	NA	NA	barrnap:0.9
9cbf794b9c89435874fce22eba240120	2.8e-31	1.3e-59	NA	NA	barrnap:0.9
9cf3ece63fb5e5d8a14a81d6ec6f2b7b	3.3e-26	3.5e-55	NA	NA	barrnap:0.9
9d24a5958524b572f096d356fd33187c	3.3e-32	7.5e-60	NA	NA	barrnap:0.9
9d68d99bc04a43a34bb707a9ce8b72de	6.7e-31	2.2e-53	NA	NA	barrnap:0.9
9d9b537cc27238c1e57d1f8f148c6b0d	3.1e-31	6.2e-60	NA	NA	barrnap:0.9
9db6065dfa5f306778c1a370f3267d73	1.2e-26	1.2e-52	NA	NA	barrnap:0.9
9dcc575f0d9ffdf06baac21dc55f76cc	1.5e-32	8.2e-61	NA	NA	barrnap:0.9
9dce6fc942e439d32c1b732dfe965a4a	6e-25	3.2e-51	NA	NA	barrnap:0.9
9e1167d156eadad5dd79306927ea2e6d	1e-30	2.3e-50	NA	NA	barrnap:0.9
9e252647ffe5e4b7d61bf1972bde1465	7.8e-29	1.4e-51	NA	NA	barrnap:0.9
9e3b0ce9bb690b78f97f20c102089c55	9.7e-33	1.6e-59	NA	NA	barrnap:0.9
9e66cabfe4f2411b7fb155d085ce758b	3.4e-32	1.1e-57	NA	NA	barrnap:0.9
9e9c4270966cf507485654eb33a69880	2.7e-32	9.3e-59	NA	NA	barrnap:0.9
9f3ae9f6096976f00cd7c13a4717ff1c	1e-32	4.8e-60	NA	NA	barrnap:0.9
9f4379c51720f2481abe86e9de6e32df	2.5e-31	2.8e-51	NA	NA	barrnap:0.9
9f63733fca68c417be3cedd420e0d91f	1.3e-31	2.7e-58	NA	NA	barrnap:0.9
9fac45309651b2907fa6715ab127400c	3.4e-29	4.8e-56	NA	NA	barrnap:0.9
9fb43ad7f147a6bbab994e1894100cf9	1.5e-29	4.3e-57	NA	NA	barrnap:0.9
9fc9295b222377c7bdb7e4e4db1e5e78	3.4e-26	4.4e-50	NA	NA	barrnap:0.9
9fec7bdd6bd88e710bd69b15692e54a0	1.1e-31	6e-58	NA	NA	barrnap:0.9
a00ede9d6cc46b9e71c221441fe18f8a	2.9e-26	7.2e-51	NA	NA	barrnap:0.9
a01a59fad1b41172bfdb2352ba2e9880	1.7e-30	2.3e-60	NA	NA	barrnap:0.9
a07dbd6b81597b810de81ac0ad6caf26	1.6e-30	7.5e-59	NA	NA	barrnap:0.9
a0d41e33645a4602e49ce8bada37489e	3.9e-33	8e-60	NA	NA	barrnap:0.9
a107ee13c7529d5aa8e6a6d2b525aa8b	1.1e-26	1.8e-56	3e-07	NA	barrnap:0.9
a12a086985ef700cc8f5a0bd3c7b45c1	1.5e-29	1.4e-52	NA	NA	barrnap:0.9
a1a2a4326524ddcb86d54831586052d2	2.6e-24	4.5e-47	NA	NA	barrnap:0.9
a1f5b3ece9d32560774e8d483e1e3af1	2.9e-28	2.1e-58	NA	NA	barrnap:0.9
a20bc44b217813229b59a7667e118707	1.1e-26	1.1e-50	NA	NA	barrnap:0.9
a21088c629086dda6d0fedb80b7fb321	5.1e-22	8.1e-46	NA	NA	barrnap:0.9
a248d70e41d75f4773ef7c94e831a21a	2.7e-32	8.5e-59	NA	NA	barrnap:0.9
a25688f45148dd12843983ed32259e6a	3.5e-27	1.6e-50	NA	NA	barrnap:0.9
a2c617df0c16497cfd96efcc6932d12b	6.6e-27	3.1e-51	NA	NA	barrnap:0.9
a2cafeeff0065516ce0706c7aea99297	4.1e-32	2.3e-59	NA	NA	barrnap:0.9
a30ab1c9eae01124ba7e2cf4c3742d00	3.2e-29	6.9e-56	NA	NA	barrnap:0.9
a322a05a29722d4fc3daa71d63cf05ad	6.8e-32	3.9e-58	NA	NA	barrnap:0.9
a3cd53942b02e9316303f3da85ac3b79	4.7e-30	7.4e-55	NA	NA	barrnap:0.9
a48ab90915f19d04056e59dca460f4b9	3.6e-29	2.3e-60	NA	NA	barrnap:0.9
a4af9680e23cdd53cf88e4533a27594d	1.3e-27	3.2e-54	NA	NA	barrnap:0.9
a4faae7102482e718225b19595ac9def	2.4e-30	1.2e-52	NA	NA	barrnap:0.9
a56188fbcaf75fc348255140affaed85	4.2e-26	6.7e-49	NA	NA	barrnap:0.9
a597271aeaeb77725a77951fe067d5e8	1.4e-27	4.8e-53	NA	NA	barrnap:0.9
a5a26cd195d6397b912361eae0b03c96	1.1e-14	1.1e-30	NA	NA	barrnap:0.9
a5a7486c3e60ff3d6cc20e9e6359e7ea	1.3e-33	3.7e-60	NA	NA	barrnap:0.9
a5bc90c05d64d08c02c400ee977a91f0	2.5e-33	6e-59	NA	NA	barrnap:0.9
a5e441397cdca65bc4e9d7378c95e361	3.6e-33	1.2e-61	NA	NA	barrnap:0.9
a60d34ad7d973f85069689eab32c6a94	8.9e-30	1.8e-59	NA	NA	barrnap:0.9
a63f65ad0f7a1ffc9e5ea828e95cdd6b	1.1e-31	1.1e-58	NA	NA	barrnap:0.9
a69c0a328e1b282389062478c5d49c3a	5.5e-25	1.1e-50	NA	NA	barrnap:0.9
a6b78ef6c9ce39e9b787d12cf96525a1	2e-23	5.9e-47	NA	NA	barrnap:0.9
a6b8bcc8499b4128678a3a671a0bd004	1.3e-31	4.4e-59	NA	NA	barrnap:0.9
a6bda8c7674f181fe9129e51cb8d935e	1.8e-31	2.1e-59	NA	NA	barrnap:0.9
a6bed81ae136bbcaf60c91d83befaa68	2.1e-33	6.3e-61	NA	NA	barrnap:0.9
a6ccec9ec008fe4a2f332209583c4012	2.2e-28	1.1e-53	NA	NA	barrnap:0.9
a6fa449a75ed943eff733f2070f3da83	1.8e-23	3.6e-50	NA	NA	barrnap:0.9
a7b2ebeb585c5a9437a670f13d3234db	6.4e-35	3.9e-57	NA	NA	barrnap:0.9
a8105e00e5ba88cba7ca18b9e04f23ea	3.7e-28	2.2e-56	NA	NA	barrnap:0.9
a813a7265daaca29f6d56a6c14c338ee	7.9e-30	2.3e-56	NA	NA	barrnap:0.9
a82250af6ba5d2b64912c3ad6d84a5b0	2.2e-32	2.9e-60	NA	NA	barrnap:0.9
a828d86ae6b1ae29eea5092499bc99df	1e-27	3.7e-56	NA	NA	barrnap:0.9
a868201429067d69e423117dcd041d33	1.1e-25	1.1e-49	NA	NA	barrnap:0.9
a8f2af943158b94357de98642377f7fc	1.2e-35	1.9e-54	1.9e-08	NA	barrnap:0.9
a94f41f5f42639fe7a8b3b557c7df84c	3.6e-29	3.2e-53	NA	NA	barrnap:0.9
a985f0b427eead7e8c11f3de0a3c1254	3e-31	3.6e-60	NA	NA	barrnap:0.9
a9b24370bdb02a8ee91855de7b8b2813	2e-28	6.2e-54	NA	NA	barrnap:0.9
a9bb68003ede7e088883192aa960faae	5.8e-24	1.8e-56	NA	NA	barrnap:0.9
a9d18d084b730b7e66f2ec12f973360a	3.5e-19	3.8e-52	NA	NA	barrnap:0.9
a9f2ee7b6f737ab311f8ca55c3eeb594	9.5e-24	1.2e-50	NA	NA	barrnap:0.9
aa66f9171dd122de845f21638058aa45	1.1e-23	2.1e-47	NA	NA	barrnap:0.9
aa7c06458b92f226be24b82547a22510	1.2e-30	2.6e-58	NA	NA	barrnap:0.9
aa8eeb5225870c7c86dd305d47530de4	5.7e-28	3.5e-53	NA	NA	barrnap:0.9
aaca6754eb23116faecb58fc40417c27	1.3e-33	2.3e-60	NA	NA	barrnap:0.9
aae4c4ed528ae16ec417df816699cfdb	1.4e-30	2.3e-60	NA	NA	barrnap:0.9
ab09516e660178cfee3a8c97600d4a60	3.7e-32	3.2e-61	NA	NA	barrnap:0.9
ac1fe3ea8278e7c20c0dee2c07a5e59a	9.6e-24	2e-56	NA	NA	barrnap:0.9
ac28c199405fa8466bdedf16d456edbc	1.1e-29	6.2e-56	NA	NA	barrnap:0.9
acbe02efe530df6626766aedb22d21a0	5.8e-28	9e-53	NA	NA	barrnap:0.9
acccaba00f6055ddb1ecf75c6ff18226	2.1e-28	8.2e-57	NA	NA	barrnap:0.9
ad1faff86b19ed53947fd2b30104e0bf	4.8e-34	9.2e-58	NA	NA	barrnap:0.9
ad235b65ccb597f05a96b06c0ad90eee	5.8e-28	3.1e-54	NA	NA	barrnap:0.9
adad49c187af4aad0ac1f668f02a569b	2.8e-30	1.8e-59	NA	NA	barrnap:0.9
adc327313702a15592d228b1933d27ee	3e-27	1.9e-50	NA	NA	barrnap:0.9
adccaf5a8d58e2360361d02b7d41b039	5.1e-32	8.1e-60	NA	NA	barrnap:0.9
adf9a7bed3760d037f6e3f725ce3ed94	9.1e-33	1.5e-61	NA	NA	barrnap:0.9
af140e3881d1c74ce8b17a5c8979dfa5	6.1e-27	2.1e-52	NA	NA	barrnap:0.9
af5b96431f030adbd446db31ed2256c0	1.3e-27	1.9e-50	NA	NA	barrnap:0.9
afe136356371da6b5ef1c7c7455c5dbf	2.4e-26	2.4e-51	NA	NA	barrnap:0.9
b023ba242b55fd6cb794d2d362c57c0f	8.2e-30	1.2e-60	NA	NA	barrnap:0.9
b0452669460c3fc113b760905a143cea	3e-31	3.9e-58	NA	NA	barrnap:0.9
b046543314eb01242578a4b2c48c0570	1.1e-22	4.6e-48	NA	NA	barrnap:0.9
b05080b88bcf581a4e0ad0be14acecdb	7.5e-32	1.6e-58	NA	NA	barrnap:0.9
b0fff0788c980929fc4bf71e985f57f0	1.9e-28	2.5e-55	NA	NA	barrnap:0.9
b18037a224663cf99b188ff37ab195d4	2.7e-24	3.1e-50	NA	NA	barrnap:0.9
b1b603405401822d0eb949cc9445a4e7	2.9e-25	8.7e-50	NA	NA	barrnap:0.9
b1c64eba3d534b527b263153d93c98cc	9e-33	3.1e-60	NA	NA	barrnap:0.9
b204a17b1a7f29074d81303d5ca68464	8.6e-30	6.5e-59	NA	NA	barrnap:0.9
b2097d12843899152a99e4faeb92e3e6	6.1e-29	6.5e-58	NA	NA	barrnap:0.9
b2574632cd105083065793a728d40c81	5e-25	1.1e-54	NA	NA	barrnap:0.9
b26833da2db0de54b3c32954c30fa48b	8.7e-27	1.9e-53	NA	NA	barrnap:0.9
b2793b0d0b0ac7bbcb95e4567024b0a4	1.5e-26	7.9e-51	NA	NA	barrnap:0.9
b2ce7f937c4d1e391758282974fcf514	2.2e-29	3.4e-54	NA	NA	barrnap:0.9
b2ea9ccd53772e114d90db37dab66930	7.5e-33	2.1e-57	NA	NA	barrnap:0.9
b301115074f6e3de36efa48b692c7f8b	8.3e-34	4.3e-60	NA	NA	barrnap:0.9
b306b305fd1e6de902363b591fd28fac	3.2e-32	1.6e-60	NA	NA	barrnap:0.9
b358d76cf51dad99d526470074e5f31c	2.3e-32	2.3e-59	NA	NA	barrnap:0.9
b38de8a8c802a4845cc9e30cba6615f5	2.3e-31	2.1e-60	NA	NA	barrnap:0.9
b3b30877efcf72a1c217c7f4411fae9a	6.5e-31	1.8e-56	NA	NA	barrnap:0.9
b3b9843bbbe0fbf712a588255088fd4c	1.2e-32	2.7e-58	NA	NA	barrnap:0.9
b3c1eaa9ba2f7365d1002b968c2e965a	2.3e-25	3.3e-50	NA	NA	barrnap:0.9
b4138e283c45cf0bc5387f9794bdfbcf	9.2e-33	1.7e-58	NA	NA	barrnap:0.9
b43d705ad7c10dd362a9b04ec2a94969	1.3e-27	7.9e-51	NA	NA	barrnap:0.9
b44aff2995f396f00ad579d8e6684335	9.9e-26	1.1e-49	NA	NA	barrnap:0.9
b454c56ae7923cac07b03196d8b77304	7.5e-35	4.2e-60	NA	NA	barrnap:0.9
b4bb370a59f2637d406ccc0f5a1b2a1e	1.8e-28	5.6e-57	NA	NA	barrnap:0.9
b52b20ea51463b9f91c62c552ff91c0d	1.5e-29	4.4e-50	NA	NA	barrnap:0.9
b539fc5b8526efb37342c72b3766b72f	2.4e-32	1.7e-59	NA	NA	barrnap:0.9
b53d472a7b2259133cd865983a91b859	8e-33	6.5e-56	NA	NA	barrnap:0.9
b587bac62e5f304c5325c0a070b146d7	1e-28	1.3e-51	NA	NA	barrnap:0.9
b5911ff084901cd5e0c47cc5d7cbb452	1.7e-29	1.2e-58	NA	NA	barrnap:0.9
b5ed5468e3e2ebce9c80b5445937b09f	4.4e-31	1.7e-51	NA	NA	barrnap:0.9
b5f623256d09f6bf4aa64866687757b7	3.8e-32	8.6e-59	NA	NA	barrnap:0.9
b60a26faf40b2597d8f5a0add60a41cd	6.9e-25	8e-50	NA	NA	barrnap:0.9
b60dfc74b3e5bd46247d99bfd2ad3c10	4.7e-31	2.9e-60	NA	NA	barrnap:0.9
b644c24a1fc35aadbb70312ab81a97bc	1.6e-31	3.5e-61	NA	NA	barrnap:0.9
b664aba9c5e0e5cc58a311f8ff3d8b0c	1.2e-30	2.4e-60	NA	NA	barrnap:0.9
b6ecd20f301035741915d6c32bda2410	4.4e-29	2e-54	NA	NA	barrnap:0.9
b70b5c9d7d54dac4e7bca747f2bc2a90	2.7e-23	2.3e-48	NA	NA	barrnap:0.9
b722be0d54422a8a0a156eece7de70a5	1.6e-27	2.4e-51	NA	NA	barrnap:0.9
b788f20b6a06f145a05fe80dbc9f5b8e	1.7e-57	3.8e-39	NA	NA	barrnap:0.9
b7aa21bce8178648a994aa472efa61eb	7.2e-25	3.5e-49	NA	NA	barrnap:0.9
b83173072d39dca4df55548ae7eb8913	3e-32	2e-60	NA	NA	barrnap:0.9
b8455681fc92d051fdd023aa62417fb3	7e-30	1.5e-58	NA	NA	barrnap:0.9
b889de9098ffe34e050676316798fc16	8.4e-30	7.5e-58	NA	NA	barrnap:0.9
b8cd8bdfb9f24acdc936b524a9d81d57	4.7e-31	2.6e-57	NA	NA	barrnap:0.9
b8dd212c2bba27e38e89e2e8fe24bc03	1.4e-33	6.5e-61	NA	NA	barrnap:0.9
b9711c722305162e09f330bc81d0a12a	1.6e-29	7.9e-54	NA	NA	barrnap:0.9
b971daa61a53d9e096214599176b245e	1.2e-30	2e-56	NA	NA	barrnap:0.9
b9bd4ddc71b5261571e53f606451241d	1.2e-26	5.7e-52	NA	NA	barrnap:0.9
b9ed1a2c86edb972db7742981e6901da	3.2e-29	4.6e-59	NA	NA	barrnap:0.9
ba69b8ab8a667d87dc5e1f4ac1fe9f9a	7.9e-27	4.8e-57	NA	NA	barrnap:0.9
bad79595de7afcef55ef7d3be461ba4a	5.1e-32	5.2e-60	NA	NA	barrnap:0.9
bb62db5926c92d48cb6778b75d377d02	4.9e-29	7.8e-56	NA	NA	barrnap:0.9
bb7e5c6df18c100b97f890fc35eb2911	8.4e-29	3.3e-57	NA	NA	barrnap:0.9
bbc2bc36c756cc8b1509b77eba2ac381	2e-32	2.3e-56	NA	NA	barrnap:0.9
bbee9f3d2ff7eae779b70c7ac2c971e4	1.3e-27	2.8e-51	NA	NA	barrnap:0.9
bc252e0de1c683f043226dd0579e9323	3.3e-32	2.2e-58	NA	NA	barrnap:0.9
bc560da189cc724070e0d261f6ab3004	8e-22	4e-49	NA	NA	barrnap:0.9
bc5ddaeba18949918b30aebc2a1f9abb	1.1e-26	6.7e-53	NA	NA	barrnap:0.9
bc8a9edb8e70ee38f11f1a01c1ddf378	1.6e-29	9.4e-56	NA	NA	barrnap:0.9
bcb9de124fd784c14ad185bac5c0b270	1.2e-34	2.2e-60	NA	NA	barrnap:0.9
bcccdce3d4d540a9b0d9120f03667079	2.6e-30	7.2e-58	NA	NA	barrnap:0.9
bd65e8ff59244203c0f5865cacdbc9d4	9.9e-31	4.5e-57	NA	NA	barrnap:0.9
bda4c1aa9e64cbd8b5125a0f174972a2	8e-31	1.4e-58	NA	NA	barrnap:0.9
bdbc90909f5e14219ce6a83cb4afb089	6.6e-22	1.3e-55	NA	NA	barrnap:0.9
bdf27bf0597da52d63064583bb957834	4.2e-31	4.2e-58	NA	NA	barrnap:0.9
bdf8a26094624622d68509a87fa75ba7	8.1e-31	4.6e-60	NA	NA	barrnap:0.9
be22632d5e3f6175707a3213d7a90ad2	1.5e-28	3.5e-56	NA	NA	barrnap:0.9
be2bb77a16d018dbe19291919000d7d8	2.2e-22	5.8e-47	NA	NA	barrnap:0.9
be5cc85bd2ac16b6ae446fd24b1e2308	2.5e-29	2.1e-59	NA	NA	barrnap:0.9
be699aa7e6f13740c2e633d69940ce53	5e-24	4.6e-47	NA	NA	barrnap:0.9
be762f885990f5821931ff959397de5d	1.7e-29	1.1e-56	NA	NA	barrnap:0.9
bea278c3dd3957842c37deb8b46ea4db	1.7e-25	2.1e-54	NA	NA	barrnap:0.9
bea828f7ecab1e5596f75d6c3f5dab6b	4.3e-27	4.3e-56	NA	NA	barrnap:0.9
beb1407c19f7fa27ce3bbc0aa7f36157	6.9e-30	4e-59	NA	NA	barrnap:0.9
beb4ce09750ebaeaf3c0e69e8852758d	2.5e-29	2.9e-57	NA	NA	barrnap:0.9
bf34422106e5974ddf75216e2c05273c	7.4e-35	6.4e-59	NA	NA	barrnap:0.9
bf4b89c9a0019b1ce5b031e50151fdc5	1.1e-25	5.4e-52	NA	NA	barrnap:0.9
bf53aea71e8a608b4e310800d7452603	6.5e-34	2.9e-60	NA	NA	barrnap:0.9
bf7348b2028d96bee8686238f2bc5aa2	4.6e-27	8.9e-47	NA	NA	barrnap:0.9
bf8174ee3331bbbfaeeb6b46a0d9da5c	1e-33	1.7e-56	NA	NA	barrnap:0.9
bf8b632bb810c7e26b5a8902838e05ff	1.8e-31	3.3e-59	NA	NA	barrnap:0.9
bfa3561ca0d31bca54be08e2d9f7937f	4.3e-33	3.1e-59	NA	NA	barrnap:0.9
bfc6f650c6062b04b252163ca95885e8	6e-24	4.4e-47	NA	NA	barrnap:0.9
c018ebf77815e2abed59f10638aa7bc5	2e-28	1.7e-57	NA	NA	barrnap:0.9
c0a8f5074b73b0648d1a21b1f3d8ffaf	1.7e-31	9.4e-60	NA	NA	barrnap:0.9
c0cfb8f527c4093ec457ba214311e341	3.5e-30	2.6e-59	NA	NA	barrnap:0.9
c0d1cb76e946f2a7398b34f2c1f8e8ef	1.9e-28	1.4e-53	NA	NA	barrnap:0.9
c0d5395792eadbf5f62e8ffb14fa0262	8.5e-22	3.6e-42	NA	NA	barrnap:0.9
c0ea7a4021335f4a9c495d8e2a12c451	2e-29	3.2e-56	NA	NA	barrnap:0.9
c13ea1ed2476f8e7b2ae632b1f4c9c08	1.5e-31	1.9e-61	NA	NA	barrnap:0.9
c19ea1c72b01e82429e13a3361419b06	5.9e-29	1e-59	NA	NA	barrnap:0.9
c1f4f1a9989e59fa6b7241b6c313bd9f	2.5e-26	3.7e-50	NA	NA	barrnap:0.9
c1fb523690f4db6515ed0ab146d1ab8c	2.1e-31	5.7e-60	NA	NA	barrnap:0.9
c202009fe7b09fac277204589e5cefca	9.2e-25	1.1e-51	NA	NA	barrnap:0.9
c220411c349b8a75624ff17ef6fd3923	2.4e-31	3.3e-60	NA	NA	barrnap:0.9
c24e0e391aa836b5eae25567c7eb89ee	3.6e-31	3.8e-59	NA	NA	barrnap:0.9
c25a1a01b8047e991c4bc2640abe1aa3	3.6e-23	3.8e-48	NA	NA	barrnap:0.9
c26fca23327b42a8fc70f54fca3c782b	3.4e-26	5.4e-58	NA	NA	barrnap:0.9
c2a58c33b45ecfc9957f91444cdd1173	3.4e-27	9.5e-52	NA	NA	barrnap:0.9
c2ad34addc26f871b36e062f6816d89f	3.5e-32	2.7e-59	NA	NA	barrnap:0.9
c2c5c799afb922f9a3f09040cf2adadf	5.9e-34	4e-62	NA	NA	barrnap:0.9
c2c920bbb16a6677beca5a6e138ccb14	3.8e-27	1e-58	NA	NA	barrnap:0.9
c2c9d37c184935fe0f8a889e7105c241	8.2e-28	5.4e-55	NA	NA	barrnap:0.9
c2ee38b44c4af7d62a4598ed27301198	3.2e-29	8.5e-50	NA	NA	barrnap:0.9
c318a98376fa9cc557d5a71be89cdf5c	4.8e-30	1.4e-55	NA	NA	barrnap:0.9
c3e8496b70f7341450e298f29c5fa4e5	2.7e-32	1.5e-59	NA	NA	barrnap:0.9
c407ab9d4848f61577a6268b01f0282c	3.3e-28	4.4e-55	NA	NA	barrnap:0.9
c42010a94f0de74440fa4e695a50028e	7e-32	3.1e-61	NA	NA	barrnap:0.9
c44fe77422fcd82959d34951b42f9a62	4.3e-29	6.8e-58	NA	NA	barrnap:0.9
c4d651c0569be717ecc7671c2ded5d3c	4.6e-30	2.8e-56	NA	NA	barrnap:0.9
c518773de1fa8f58aebfc3c18e017d10	9.3e-31	4.5e-59	NA	NA	barrnap:0.9
c5550bbaf1ef39feea196451bc832429	1.7e-32	8.3e-59	NA	NA	barrnap:0.9
c560894abcf4974ee8f0dcef154c7aca	2e-31	1.9e-59	NA	NA	barrnap:0.9
c5aad5ebe154556c8422b669638c0745	1.3e-30	2e-59	NA	NA	barrnap:0.9
c5ba034f1a07290a7458dd3c7737b897	1.8e-28	1.6e-59	NA	NA	barrnap:0.9
c5bc0702ef8483769cdd2cab98e9ff81	3.5e-30	7.9e-59	NA	NA	barrnap:0.9
c5c549da4d7fdf7f10cfefada2272ad8	4.2e-26	2.7e-48	NA	NA	barrnap:0.9
c5c739d7f511d6d9c30c24225ae14254	5.6e-27	5e-57	NA	NA	barrnap:0.9
c650fb3f04774ca642464d71b88de28e	8.3e-32	1.3e-59	NA	NA	barrnap:0.9
c66ea3d804ab0d5346b5d0a31b4562ae	1.4e-31	6.7e-58	NA	NA	barrnap:0.9
c696d34f8794c5fe01b51e268c13e18e	1.6e-32	7.2e-61	NA	NA	barrnap:0.9
c6c3ab4e828fb40d6e05967b7aac9338	4.7e-32	4.1e-59	NA	NA	barrnap:0.9
c6f5c4d8343f60687af5d72396766263	1.7e-31	6e-59	NA	NA	barrnap:0.9
c72360e304518f898d28f7ed166fac72	5.5e-57	8.3e-36	NA	NA	barrnap:0.9
c75ae6008025d80134bd14e9712f9d5c	1e-31	1.5e-60	NA	NA	barrnap:0.9
c77e505bb70ad84ebbcdcb74b9ccff60	2.5e-27	6.3e-52	NA	NA	barrnap:0.9
c7a7faa3af93c267744cc0558151444a	2.3e-34	3.9e-62	NA	NA	barrnap:0.9
c803726dac1aad6846d209e915cea275	7.6e-32	1.2e-57	NA	NA	barrnap:0.9
c81377248bccc04890b716d2bada3280	1.7e-31	2.6e-59	NA	NA	barrnap:0.9
c81d2bd60b0b2a355bc6e63534ecc66c	1.7e-32	1.2e-58	NA	NA	barrnap:0.9
c8827e61c7d32a317e17d4a922cfbdab	1.4e-26	4.4e-50	NA	NA	barrnap:0.9
c8c08aacf98ff56aa567af815241b6c8	5.4e-32	1.8e-60	NA	NA	barrnap:0.9
c926b3733b95b828aabf62bf8b70300a	6.8e-28	8.3e-60	NA	NA	barrnap:0.9
c963f3c7ad52e4443d38480bec08e93d	3.4e-29	1.4e-52	NA	NA	barrnap:0.9
c966ba071258cbec7365b306f351dc95	3.6e-28	1.9e-59	NA	NA	barrnap:0.9
c982470b2a0c52e8606b0898f3616f42	1.5e-31	4e-59	NA	NA	barrnap:0.9
c99026a091c7446e2d2931e81d44d340	8.1e-29	1.4e-60	NA	NA	barrnap:0.9
c9a8c692374f350d7d810c60436e3f69	2.6e-30	1.5e-58	NA	NA	barrnap:0.9
ca098f913f44b468bd64f5a4d7b8f124	2.4e-30	1e-59	NA	NA	barrnap:0.9
ca35d5f5f1a0f225e7f1b39a00dff592	1.8e-32	5.2e-55	NA	NA	barrnap:0.9
ca8316436bfd3aa62fc76e2ed5b8fca8	2.2e-23	1.8e-48	NA	NA	barrnap:0.9
caeb4ff0f83b5c2989653fad75d85692	3.6e-25	2.7e-50	NA	NA	barrnap:0.9
cb016dc987e8c7787f81758976383d76	7.8e-29	1.3e-58	NA	NA	barrnap:0.9
cb13465f3f47df578b36420a10175863	4.4e-26	1.1e-48	NA	NA	barrnap:0.9
cb90f2ba59eb767abc9a8859a0a53db0	3.1e-32	1.7e-59	NA	NA	barrnap:0.9
cbd8c5493268accf3b039927fe5bd1d4	6e-30	6.8e-59	NA	NA	barrnap:0.9
cbdc0f4fcc7b1e56aacc302c2b9b870c	3.8e-32	1.8e-60	NA	NA	barrnap:0.9
cbfc3503d340e438718777acc5488cc5	9e-27	3.6e-53	NA	NA	barrnap:0.9
cc8047dcb2ccee5815e09690bacffd89	3.1e-32	9.8e-61	NA	NA	barrnap:0.9
cca166778aa016af2c15d6affc84e73f	9.1e-29	1.2e-50	NA	NA	barrnap:0.9
ccc361cdbb925b0ae06aceb1bf7f042b	6.7e-28	2.2e-50	NA	NA	barrnap:0.9
cd02eb0bdd7357f13926252a84d31a3b	1.2e-32	6.6e-60	NA	NA	barrnap:0.9
cd454c45a2b54026d5ec1086957a0196	2.6e-31	5.9e-60	NA	NA	barrnap:0.9
cd45c610941bdaf922fa00e293bd65ae	3.8e-33	1.2e-58	NA	NA	barrnap:0.9
cd64f9b653d0444b04264fd6f09b715e	9.9e-31	2.8e-57	NA	NA	barrnap:0.9
cd9401a6bce4a63af516d06d2a843f9d	8.3e-31	2.5e-56	NA	NA	barrnap:0.9
cdb79eecfa38ac58e99bfdef45fabfce	7.4e-32	9.2e-59	NA	NA	barrnap:0.9
cde9145f5bea2add8634e84123a01772	3.8e-29	2e-59	NA	NA	barrnap:0.9
ce0fd2cf90c42ae9233134dfbd75a46b	6.1e-32	7.3e-59	NA	NA	barrnap:0.9
ce52552dc9e8b8a746668f409d1f8a1e	1.2e-26	5.7e-49	NA	NA	barrnap:0.9
ce54b572b93affd7afe291853b517e21	3.2e-29	1.1e-47	NA	NA	barrnap:0.9
ce59cf02fa2a5d65d89287d9d0ea7a44	2e-26	2.1e-55	9.3e-08	NA	barrnap:0.9
ce5f4e3356360ab41ba97da5c44dabb4	5.8e-30	1.2e-56	NA	NA	barrnap:0.9
ce72009c0c36b5ff547b9a0c89f669ce	2.1e-32	6.1e-53	1.8e-08	NA	barrnap:0.9
ce78414357068359ddae6a47b6592a08	1.8e-35	2.2e-59	NA	NA	barrnap:0.9
ce79634cf65d188eaeff8d77435ce3f7	1.6e-31	8.7e-61	NA	NA	barrnap:0.9
cf3325ad3547bdf07d215e9a6243fa42	1.8e-30	1.5e-58	NA	NA	barrnap:0.9
cf53d1ce19543f2dc4a298b699bbf05f	1.8e-31	1.6e-55	NA	NA	barrnap:0.9
cf540862b011b178f7f5616cd15d3267	3.8e-31	5.4e-58	NA	NA	barrnap:0.9
cf7bd0deac1cface9d107ec6aac7508c	1.2e-33	2e-60	NA	NA	barrnap:0.9
cfc66af59ce6a9cd00bf7fb745bc3049	1.1e-31	5.5e-59	NA	NA	barrnap:0.9
cfdf39cd6545fb6a7ddb747c3393c225	3e-31	5.6e-58	NA	NA	barrnap:0.9
d0043999672f950cf76f8077a5f4824a	1.4e-29	1.4e-55	NA	NA	barrnap:0.9
d06a285ea63bd5cc53a4b0e46d0cdd72	7.2e-32	6.4e-58	NA	NA	barrnap:0.9
d09227469b89e4dac6b5cd23b3b0a191	3.2e-25	2.9e-51	NA	NA	barrnap:0.9
d0a595d01b18ef4d949bf1de47b08daa	2.6e-30	3.1e-58	NA	NA	barrnap:0.9
d11d124d3d58f46a7e406a87a4dce4dc	1.1e-33	5.6e-58	NA	NA	barrnap:0.9
d20b46e3c9d79a8e49a48f112fc03d4f	1e-28	2.3e-59	NA	NA	barrnap:0.9
d2167f10fe28cb0684f756491d8e4923	4.7e-31	6.9e-51	NA	NA	barrnap:0.9
d26b790bcc680fe5a1862aa34bf1b8df	8e-29	1e-55	NA	NA	barrnap:0.9
d27a7938be9be7fcde444b0d8a1e7f84	1.4e-29	6.9e-54	NA	NA	barrnap:0.9
d2be1254f5e7eb97bd42ec342d9cb11d	2.5e-32	9.8e-58	NA	NA	barrnap:0.9
d2d480b667c0d25176b7ad8e933c0ae7	3.5e-23	2.4e-48	NA	NA	barrnap:0.9
d2ed5fe0443294c72f4a4dd352e80e8c	9.5e-30	3.6e-54	NA	NA	barrnap:0.9
d3006e7e0aedba02593b9d6ab7e253de	5.5e-28	9.3e-55	NA	NA	barrnap:0.9
d37da0a77d2df2acf8e870687bd519c0	3.2e-29	1.5e-55	NA	NA	barrnap:0.9
d3aee5ad39251cb699e72fe3ab4a73eb	3.9e-23	6.6e-48	NA	NA	barrnap:0.9
d3ba84613363af09f005b5e4729054a6	1.5e-28	6.2e-57	NA	NA	barrnap:0.9
d3d0b6aba6f97f1ba77a412531587a84	7e-29	2.8e-51	NA	NA	barrnap:0.9
d3d5f57b1c8aafeca61afdb1627d2990	1.7e-30	5.5e-59	NA	NA	barrnap:0.9
d409f0f157c2b27807fbae78d69bcc0d	2.9e-32	1.7e-58	NA	NA	barrnap:0.9
d4567e350ca1a7aef05c9147840b2ed0	3.3e-26	1.7e-50	NA	NA	barrnap:0.9
d46e2205f0c6ecf67b51f83d111c509c	2.7e-30	5.2e-59	NA	NA	barrnap:0.9
d49783e7800974b5f2bcce554e26072e	2.3e-31	7.3e-59	NA	NA	barrnap:0.9
d57a3d490842411b49b0665f6cbe5972	1.6e-31	3e-56	NA	NA	barrnap:0.9
d5ba56a61d26d408c3b794519bde6881	8.4e-26	1.7e-46	NA	NA	barrnap:0.9
d6407426a326d0bd8663a18e3e7f38b3	2.5e-31	1.6e-59	NA	NA	barrnap:0.9
d67799a5ea09e3392fbcfb4a0f87b2c5	1.2e-33	4e-60	NA	NA	barrnap:0.9
d697312306a16ea9e1ce7f5fcad06d2b	3.8e-30	3e-60	NA	NA	barrnap:0.9
d6aca1ce3a8896b5a4ac550a4108ddd9	1.1e-29	9.5e-60	NA	NA	barrnap:0.9
d6eda88bd8370a52076b0dafde12249a	2e-33	6.2e-59	NA	NA	barrnap:0.9
d6f3257b8e2a3498bf9af98e73c29528	3.2e-33	2.6e-59	NA	NA	barrnap:0.9
d7c3ae890ec4975f6c3fb50e9470b940	6.1e-31	7.7e-54	NA	NA	barrnap:0.9
d80a7337f5b24c90a8cc2dd4d9896e61	1.7e-30	4.2e-58	NA	NA	barrnap:0.9
d8be9c23956197da0bc33fac2c1a5900	2.8e-26	1.3e-50	NA	NA	barrnap:0.9
d8e7f9181e4d5a4a6453e9ca9996a43f	3.2e-26	3.1e-54	NA	NA	barrnap:0.9
d900eb33f6b4bc449aab64df16ae18b2	2.3e-27	9.9e-56	NA	NA	barrnap:0.9
d925f54f2129619db22eb998d6021440	6.7e-31	3.4e-59	NA	NA	barrnap:0.9
d92d53b67f4b4a2516ca359494db4c24	1.5e-31	3.7e-59	NA	NA	barrnap:0.9
d93a3ef54cd04d16c30a94e15287caf4	2.9e-31	9.1e-60	NA	NA	barrnap:0.9
d9b37701a41b33e4fccac6e3de4fd5c1	1.5e-29	2.8e-53	NA	NA	barrnap:0.9
da021edc2c886ff3517eb05ca6a4d353	1.9e-30	2.5e-56	NA	NA	barrnap:0.9
da1f3c1e99088ff329b488b40b95cbc5	7e-33	3.6e-61	NA	NA	barrnap:0.9
da3894ec5427fbf29e2a23cadc08113d	2.4e-26	9.9e-51	NA	NA	barrnap:0.9
da428f42c294a7f3c5a17244dec0cf70	5.1e-31	1e-57	NA	NA	barrnap:0.9
da655131b22bfd130476359a287ed672	4.7e-33	2.7e-59	NA	NA	barrnap:0.9
daae43be6cf06991f62a085ba8bff3b6	2.9e-28	4.2e-51	NA	NA	barrnap:0.9
daf471369c8df7afa7849741660d855b	1.3e-32	3.3e-59	NA	NA	barrnap:0.9
daf49f53bc72de756418574b24e87184	1.3e-25	4.4e-57	NA	NA	barrnap:0.9
dbcdaca3ee9e9fe75d8829e87b8551dc	4e-30	1.2e-57	NA	NA	barrnap:0.9
dbcf77b3e332e9d488667cc7c48179c5	3.1e-28	5.9e-54	NA	NA	barrnap:0.9
dbf175732b785f1d5e9bd3266be4dbc0	1.2e-23	1.9e-45	NA	NA	barrnap:0.9
dc0ba1f777d1f142c74fabe6f146cd1f	4.6e-30	7.3e-54	NA	NA	barrnap:0.9
dc0c6eb88569c239ce80959d496d72e2	4.9e-26	9e-51	NA	NA	barrnap:0.9
dc2aa1c1a27be0cec1f7b4a5ae6076dd	3.4e-24	7.9e-52	NA	NA	barrnap:0.9
dc6ae08657c6ddc998f5ae806ab8934f	5.8e-26	5.4e-51	NA	NA	barrnap:0.9
dc9550d40bc8229982ee47eb0f35b842	1.5e-23	1e-49	NA	NA	barrnap:0.9
dc9688eb26f52e0c2614cfa9c61a94a4	1.3e-24	6.1e-55	NA	NA	barrnap:0.9
dc9ddb6b3c51c6926b26dc6d65ff66c3	2.4e-26	9.9e-53	NA	NA	barrnap:0.9
dca599beb02bbf561f242b76daf9226d	7.1e-27	9.5e-59	NA	NA	barrnap:0.9
dca5bc29c8ae92cee48c6ec73347a13b	1.8e-31	5.6e-60	NA	NA	barrnap:0.9
dcf282b8698d63000a876a8f9e2ab428	4.7e-30	5.6e-54	NA	NA	barrnap:0.9
dd0a80172ef5bcadc1189350b1aee45d	1.9e-29	4.4e-59	NA	NA	barrnap:0.9
dd1f8f05183f269244774bf62b01d9ab	1.1e-27	4.4e-54	NA	NA	barrnap:0.9
dd24e764350675a3402722eab54f71ed	3.1e-34	5.3e-55	NA	NA	barrnap:0.9
dd7a3ea385d6f8b7724e8b872a04f608	2.9e-30	5.5e-54	NA	NA	barrnap:0.9
dda0effb5c7e04e2ff30498d0a0bf6c9	9.4e-21	1.8e-51	NA	NA	barrnap:0.9
ddd485391cdaa311dde6f90abcb15885	3.2e-30	1e-58	NA	NA	barrnap:0.9
ddfc03348fef1c9b40e1f5b9270e55cd	7e-27	2.7e-52	NA	NA	barrnap:0.9
de72616a156105dd663c3fbef3af3c65	2.4e-31	1.9e-60	NA	NA	barrnap:0.9
deec9f3b94f4ae6cf318176f7fba4b8d	7e-32	1.1e-58	NA	NA	barrnap:0.9
df0e3d38eec730326754d8c17a8b8efe	7e-30	1.2e-59	NA	NA	barrnap:0.9
df14a02f9853abbeddba51f222d202f6	1.1e-31	5.9e-59	NA	NA	barrnap:0.9
df1e3080300aed496c300246714bd838	9e-31	1.5e-58	NA	NA	barrnap:0.9
df2211c6a5bf3b79c78390530a9981db	9.4e-27	3.5e-50	NA	NA	barrnap:0.9
df37b62e507e32409df4885c1ad2ce14	1.3e-25	3.7e-53	NA	NA	barrnap:0.9
df4e1af80d25806b2a508bedb4463625	6.2e-31	4.9e-58	NA	NA	barrnap:0.9
dfbd13cf661ad4950c633e03562e2691	2.2e-24	8.8e-47	NA	NA	barrnap:0.9
dfc9d51c063343a18b0f0fbc41696780	2.8e-26	1.7e-51	NA	NA	barrnap:0.9
dfed1d9825f6bc27002d7fcfe1382af1	2.5e-23	7.7e-48	NA	NA	barrnap:0.9
e013f2bda9206e3a3d1e703faa7c8e01	8.2e-32	1.7e-59	NA	NA	barrnap:0.9
e02967778c804350d971534895b0dfae	8.6e-35	6.2e-60	NA	NA	barrnap:0.9
e04cb8c96d35fee0e181a15fc4511d0c	3.1e-32	9.5e-59	NA	NA	barrnap:0.9
e08eacd36c1438e4f46573d9905399db	2.7e-29	2.2e-58	NA	NA	barrnap:0.9
e127450ed2ad1088a651c6a3f8a405b3	2.1e-21	2.2e-48	NA	NA	barrnap:0.9
e147f17187ee6e0d8e84bdd370bfb053	1.3e-31	2.5e-59	NA	NA	barrnap:0.9
e1526e9c27de1a2d0f2eda568aa73f5d	5.8e-33	6.8e-58	NA	NA	barrnap:0.9
e1d17311e92bd53aaff779d6fb0730f1	1.9e-24	6.5e-48	NA	NA	barrnap:0.9
e1d34bfaee639f5be81d28b8b33c5e2f	1.1e-31	4.3e-58	NA	NA	barrnap:0.9
e1f3dca7a444e322745b21064cf6fbd2	1.9e-25	7.5e-50	NA	NA	barrnap:0.9
e20fbfa4e93ffaa6db8e60948ff1f938	4.3e-27	7.7e-55	NA	NA	barrnap:0.9
e22a3bc402e13dd2bbf449a31d4ef804	1e-30	1.5e-52	NA	NA	barrnap:0.9
e238c6f976254aa34d2106b20782549a	4.4e-31	3.7e-60	NA	NA	barrnap:0.9
e2c7bbbd0caa4e52853eb548981563b2	3e-23	4.8e-50	NA	NA	barrnap:0.9
e2ca214f7055c2a6eedc54ac7689d169	1.6e-31	5.2e-58	NA	NA	barrnap:0.9
e2f7a842202a007080729d9ad28399fd	6.7e-35	1.2e-59	NA	NA	barrnap:0.9
e3153b08ae1266c3888153bcb1d6bbfa	2.4e-29	6.9e-51	NA	NA	barrnap:0.9
e335f74033bc634af43ee6baa84fa247	6.4e-30	2.4e-60	NA	NA	barrnap:0.9
e393fab35e81d13185ea8669d8a732e3	8e-26	5.8e-51	NA	NA	barrnap:0.9
e39b8ad133b96f93ca93dc0d799be804	1e-31	9e-60	NA	NA	barrnap:0.9
e3b27a6025c03e8a0543b3f88800ed99	4.2e-20	8e-52	NA	NA	barrnap:0.9
e3b506438169dbca593783949aad1715	1.3e-30	6.3e-60	NA	NA	barrnap:0.9
e3c944b3f0da2607c261fb25484c89bd	6e-31	1e-48	NA	NA	barrnap:0.9
e428988ac180553b5e79472c39ab9f97	1.6e-31	1.1e-61	NA	NA	barrnap:0.9
e438498696e4ce6da6b786e98f911a9e	3e-30	8.1e-58	NA	NA	barrnap:0.9
e4534922c81bb5f4bd7e3e7500962043	7e-30	5.6e-60	NA	NA	barrnap:0.9
e4597f1dce864c29882fa64f616d1a6c	3.6e-26	2e-51	NA	NA	barrnap:0.9
e45b66df7956278d8770de08dc1dbcab	8e-30	2e-55	NA	NA	barrnap:0.9
e481316fc740c83ac22978e8e85fcb7c	4.1e-25	4.9e-51	NA	NA	barrnap:0.9
e48c13e92b3d80a3c21f485e16822fa7	8.8e-32	3.4e-59	NA	NA	barrnap:0.9
e4a572bc7492c8561c44f9e68c84b64e	5.5e-28	6.7e-52	NA	NA	barrnap:0.9
e4afe4b6c65a3d902d641dd65e76f3dd	2.6e-31	5.9e-60	NA	NA	barrnap:0.9
e4cbb5fd77e2ffaf58415313bd322b88	1.1e-30	1.2e-59	NA	NA	barrnap:0.9
e4ef1c7b616eb842c0ff7a327e83bd76	1.4e-25	1.5e-54	NA	NA	barrnap:0.9
e5a1c0a4c42fb34af6ee47d29f53e833	9.4e-31	9.6e-61	NA	NA	barrnap:0.9
e5d55481f7455ae8a4620451dc7ac39a	1e-29	5.1e-60	NA	NA	barrnap:0.9
e5ee1d85ad16f8c94333754ffe9430ff	1.4e-30	1.5e-59	NA	NA	barrnap:0.9
e61b52cd3ace83b9a3515c17c6438a87	1.1e-31	2.8e-61	NA	NA	barrnap:0.9
e67f342671ede1aca82b0e768286705b	1.6e-30	5.2e-57	NA	NA	barrnap:0.9
e6f3609c5cc6e7a422629332d057a0c7	1.5e-35	1.8e-57	NA	NA	barrnap:0.9
e75956f07fa981b8d40c45b2cffaf48f	2.1e-26	3.8e-51	NA	NA	barrnap:0.9
e7dd01d01c0203abc3708549d99e4e9c	8.7e-31	1.7e-59	NA	NA	barrnap:0.9
e853cb26872d3806e17457be2ebd9ab8	2e-31	1.9e-57	NA	NA	barrnap:0.9
e85f205109c55e62bda5c6a8f89b6505	8.2e-17	8.6e-50	NA	NA	barrnap:0.9
e865f29a716e8d51f83931befa951240	1.7e-24	1e-51	NA	NA	barrnap:0.9
e8688d6bd55124af8959120bc37eca69	3.4e-21	8.1e-48	NA	NA	barrnap:0.9
e89ad3ace164233784341eebdf0f222e	1.9e-28	3.7e-57	NA	NA	barrnap:0.9
e8b6bb77ea932caa70c2a97cabdbd592	2.2e-24	7.3e-46	NA	NA	barrnap:0.9
e8d780d3351a4548ccbec6e80affb7e9	1.6e-29	1.8e-57	NA	NA	barrnap:0.9
e9af58ead3f4e880d0142057837099b0	3.3e-23	3.4e-47	NA	NA	barrnap:0.9
e9c22dfef2d86bac6ebbd63be98cea5a	2.2e-31	7.6e-53	NA	NA	barrnap:0.9
ea403646ed22d679fa4586263d8fc32f	3.4e-32	4.7e-59	NA	NA	barrnap:0.9
eaedd565dd96a679cc4cbf9b67beea83	2.7e-30	1.1e-58	NA	NA	barrnap:0.9
eb696b7a9dddc629a344ee6bffcaca65	3.2e-28	5.8e-56	NA	NA	barrnap:0.9
eb780084d3c5b406ff6ff7a4734850ec	2.8e-34	3.5e-60	NA	NA	barrnap:0.9
ebc32b8cbc03313f4bac0d6811bbb7b1	1.6e-21	1e-47	NA	NA	barrnap:0.9
ec12d0096e4d24f3848d30ed08f68793	1.1e-30	9.5e-52	NA	NA	barrnap:0.9
ec494ccbf94de2be48f3c7e4cf844046	5.4e-32	2.8e-60	NA	NA	barrnap:0.9
ecb3759e804e8c86d9fb0de817207fe9	3e-31	2.9e-59	NA	NA	barrnap:0.9
ece8f3889c05b3350152571f8dda9ab7	1.2e-28	1.7e-52	NA	NA	barrnap:0.9
ed0b2c436e0aa37c7501df9927eca476	5.1e-30	2e-57	NA	NA	barrnap:0.9
ed5d4345511cc4753996d14e40b2c359	6.1e-58	4.9e-36	NA	NA	barrnap:0.9
edbcb65029d740fc540a26bc211220c6	8.6e-26	1.7e-50	NA	NA	barrnap:0.9
edc0a227f7a1c57abb3163fd6502aa16	8.9e-27	1.8e-53	NA	NA	barrnap:0.9
edc1dfcd54e37069be79c20ae7bfd68f	2.3e-25	4.2e-50	NA	NA	barrnap:0.9
ee2c932ad8129bdbcdd81e24d87b0015	1.1e-28	9.7e-56	NA	NA	barrnap:0.9
ee766857ab5fc018ac26632146bc90e1	3.2e-30	3.6e-60	NA	NA	barrnap:0.9
ee84f17a4e398c4af09778df0c309c86	6.7e-33	2.1e-60	NA	NA	barrnap:0.9
ee9166b6be3e2fdfb101aee7168cdb47	2.3e-28	2.6e-57	NA	NA	barrnap:0.9
eed85e4675fc4cf2a656848d1b5b5eb2	8.1e-28	3.3e-52	NA	NA	barrnap:0.9
eed9d4637eb7e02cdfbfceb9d4e0a37b	4e-30	7.3e-60	NA	NA	barrnap:0.9
eee617817ba722e01d2fc37a3819b87f	2.6e-30	1.4e-55	NA	NA	barrnap:0.9
ef2dbeb4d062a1e80534782077d0cbef	7.7e-27	1.1e-50	NA	NA	barrnap:0.9
ef3a40c4f26b5019887d73ceaaab84f2	8.9e-33	1.3e-59	NA	NA	barrnap:0.9
ef44ca7923f5777946a35ec232995a5d	1.7e-29	2.6e-50	NA	NA	barrnap:0.9
ef664c493a73b3a6b926323abbc0aab2	8.6e-26	1.4e-50	NA	NA	barrnap:0.9
ef6a209f17415ca40777d4f3e0459647	3.8e-28	1.6e-55	NA	NA	barrnap:0.9
ef8918b0688b3c665604e2b49b0c5979	9.7e-27	2.2e-50	NA	NA	barrnap:0.9
ef8b0a443681fe5060ce738463c12346	2.2e-24	2.4e-52	NA	NA	barrnap:0.9
efa8641f0ad49771c7d6b9528e34582b	1e-33	3.9e-59	NA	NA	barrnap:0.9
efb3378b1f01ad84840c839733ace8b1	1.4e-16	1.2e-49	NA	NA	barrnap:0.9
efbe1f58b1e2984ddc53a64f047d94ff	5.9e-31	1.6e-57	NA	NA	barrnap:0.9
efe7065cac8d8a73ea31de1bb2deab8b	1.3e-36	1.9e-57	NA	NA	barrnap:0.9
effec292d323bfdaeb4fb257682d6a16	2.6e-32	1.1e-59	NA	NA	barrnap:0.9
f09f257605135a6049b847768387fb33	4.2e-29	1.3e-57	NA	NA	barrnap:0.9
f0a3b85336766433b385b8e5d23182d2	5.2e-26	4e-52	NA	NA	barrnap:0.9
f1004c2367aaad11068a2fff1bd68587	8.1e-24	4.7e-47	NA	NA	barrnap:0.9
f17f194e30e2d60d156f052de1eb0629	3.3e-27	6.4e-53	NA	NA	barrnap:0.9
f19842446e9817bba6b2c74ebe858267	6.2e-30	7.9e-56	NA	NA	barrnap:0.9
f1b5d72cafaaea7b61c531cb90452d9c	1.2e-33	4e-60	NA	NA	barrnap:0.9
f1eb372635240322c36cc8d43ad0b70f	2.3e-24	2.6e-46	NA	NA	barrnap:0.9
f243876948ab4496310b934dcf6b17d3	5.2e-28	5.1e-55	NA	NA	barrnap:0.9
f2b222844e9005dbbbb18da825b80253	3.4e-26	2.7e-53	NA	NA	barrnap:0.9
f2c81b0a82721e9fe252369bb7eb5054	1.1e-23	3e-45	NA	NA	barrnap:0.9
f2db03ddf3da68461e8746d7f2506e9d	1.2e-27	8.4e-52	NA	NA	barrnap:0.9
f308e0e8d91d69dbdd215abc468dd738	1.4e-26	5.7e-51	NA	NA	barrnap:0.9
f30cf75099a1ef4770cb8ec307caf0b3	8.2e-25	1.7e-50	NA	NA	barrnap:0.9
f3537424de1634d4f2b3bf77f0d346cf	8.5e-34	3.9e-60	NA	NA	barrnap:0.9
f36180eaa03f8e6472176c3fe8ce971a	2.2e-31	3.6e-61	NA	NA	barrnap:0.9
f37fc1dccfeba0004cbeb4f1ad6083c6	1.6e-30	9.1e-57	NA	NA	barrnap:0.9
f387378a897340891d277b837ec4fa83	1.5e-23	2.6e-47	NA	NA	barrnap:0.9
f39cbed427871f752b0003da8da61aed	1.1e-29	2e-59	NA	NA	barrnap:0.9
f3e8c4424977834c9027696ceff4979b	7.1e-32	7e-61	NA	NA	barrnap:0.9
f3e9d78daeea42d345080748e31ae3dd	3.3e-33	8.3e-60	NA	NA	barrnap:0.9
f3f57fb4feeef35aada1a409a3352520	2.2e-33	1.4e-59	NA	NA	barrnap:0.9
f413b685a1548ee907ffcf021267e657	9e-31	1.8e-56	NA	NA	barrnap:0.9
f417c17862db401c41c77faea54cc3c3	1.5e-29	2e-47	NA	NA	barrnap:0.9
f44404ea806c18f6b05b7cbb4f3e5fd2	6.3e-30	3.9e-60	NA	NA	barrnap:0.9
f469c615ba77af7743cfd74ccf26e1f2	2.4e-30	9.8e-59	NA	NA	barrnap:0.9
f4c0e6ce6d54fce1477bd1c46e6786a2	6.5e-25	1.6e-48	NA	NA	barrnap:0.9
f4c7676e8043df7074244706adb77375	7.5e-29	1.2e-54	NA	NA	barrnap:0.9
f4cfc68a6182023b659c3920f2e28a18	2.2e-31	2.8e-57	NA	NA	barrnap:0.9
f4d139220f77c0b573bfec84b1237c5e	1.1e-31	1.4e-59	NA	NA	barrnap:0.9
f4e509b78a1532439b473d00cd5a1ea2	1.8e-30	3e-59	NA	NA	barrnap:0.9
f4e8893bdf367adf35ebbd17b1e5ddfb	8.6e-27	8.1e-51	NA	NA	barrnap:0.9
f54447ae705d557e2c2b3777fbdd56f0	1.8e-32	2.7e-59	NA	NA	barrnap:0.9
f598c7ce35fd7e0d9260e5b59ec3338b	3e-30	2.6e-57	NA	NA	barrnap:0.9
f5bfbf665081e0133bdcba9fcfc6023d	4.9e-25	1.7e-51	NA	NA	barrnap:0.9
f5c858a3448b711fe517f2c481987b8b	1.9e-29	2.9e-53	NA	NA	barrnap:0.9
f5e1268827b899596f635f1af5f801a4	8.5e-28	1.8e-56	NA	NA	barrnap:0.9
f5f5e0da89730462abaf6301a9557193	1.7e-27	4.9e-58	NA	NA	barrnap:0.9
f66d84957b628270068a08b714785618	5.4e-29	3.5e-55	NA	NA	barrnap:0.9
f679f15476687ea4ba8be233eb4ece8b	1.3e-31	1.6e-61	NA	NA	barrnap:0.9
f72d0a81bead898b2fa029f7a11f28c7	4.9e-24	4.3e-46	NA	NA	barrnap:0.9
f737fdc52bac40efd5d565a2a7bca60f	7.8e-33	1.5e-60	NA	NA	barrnap:0.9
f7428585b7cf8d65f206036a5852adab	5.2e-32	4.9e-59	NA	NA	barrnap:0.9
f74772c312ecf2f0278c402953e04d93	4.7e-28	2.3e-51	NA	NA	barrnap:0.9
f7870a4e6cccb8a029cf6f0091c106f5	3.1e-28	5.1e-55	NA	NA	barrnap:0.9
f7a5bb26f18474e6c701f3da11ad9e22	8.7e-25	4.3e-52	NA	NA	barrnap:0.9
f814f6906b3b10acf99ddc7b4c477fc5	2.5e-31	1.8e-59	NA	NA	barrnap:0.9
f864ed2c52dd0ee16ed932d4c4c166de	3.3e-31	6.8e-60	NA	NA	barrnap:0.9
f86825cfba011a54bc8799a74662a8a8	1.4e-32	1.5e-59	NA	NA	barrnap:0.9
f8aeec3c1ff0f4e7e1c829e4db0618d9	5.3e-33	1.2e-59	NA	NA	barrnap:0.9
f8d1b6567bca78638227d413f6170e06	2.1e-34	1.5e-58	NA	NA	barrnap:0.9
f8ea1e25a372ebb78089dafdd5ee1455	1e-19	3.3e-52	NA	NA	barrnap:0.9
f9451bbb657f69fb99285b44bf2563e0	1.2e-27	2.4e-55	NA	NA	barrnap:0.9
f95b1ff191764f53c85f7e7ab0efb549	6.9e-29	2.2e-55	NA	NA	barrnap:0.9
f998b55dc9b150b36030120a29c2f1f3	1.5e-30	1.1e-54	NA	NA	barrnap:0.9
f9a333e788a01bef7c4246f438362dfa	1.1e-31	7.2e-59	NA	NA	barrnap:0.9
f9cae82c18513dbc7de0f50f4c274648	7.7e-32	3.9e-61	NA	NA	barrnap:0.9
fa285100596a482feb378d8c45dbfec1	1.3e-27	9.4e-52	NA	NA	barrnap:0.9
fb6a7bb1bb8953ae3614ff73d895b3ed	8.3e-30	5.6e-58	NA	NA	barrnap:0.9
fbb9a7a802a331da2ee0ed11062a1c53	6.4e-28	6.2e-57	NA	NA	barrnap:0.9
fbe140841961cede45a7127dfba54113	1.2e-26	7.4e-53	NA	NA	barrnap:0.9
fbf805aee353337593e7003838c26cfe	2.5e-27	4.9e-52	NA	NA	barrnap:0.9
fc1adedbe05461883fde3de8801f5943	1.4e-31	1.8e-58	NA	NA	barrnap:0.9
fca9a6cab4d479ef5a1201da4efb3d21	1.9e-30	1.3e-59	NA	NA	barrnap:0.9
fcc84f75257e928f79853e39bb2c6d23	2.7e-31	3.7e-57	NA	NA	barrnap:0.9
fcf3cf1f1dfb0185130f4b95af0f4358	6.2e-24	9.6e-47	NA	NA	barrnap:0.9
fd2528e76b231f43c6a517b75b82263c	1.1e-29	6.6e-59	NA	NA	barrnap:0.9
fd3cc1ef17aae22d4482e33626153351	1e-27	3.5e-52	NA	NA	barrnap:0.9
fdb84e0f83bbcb6e36e876b45dc5ae92	7.7e-27	6.2e-53	NA	NA	barrnap:0.9
fdbff060c0adc3184b21540df9bbbee1	2.6e-25	1.5e-48	NA	NA	barrnap:0.9
fe1613129b71ea6b0351addf25c8bdbf	4.3e-33	1.3e-58	NA	NA	barrnap:0.9
fe7a9e832c39a5823a8e234d93778b3d	5.8e-30	2e-55	NA	NA	barrnap:0.9
fe9517e69ef054e7dfd8aafeabf3de17	2.2e-28	1.6e-56	NA	NA	barrnap:0.9
feab199d0e6b1d2bd9d063350ce264da	7.9e-31	5.9e-58	NA	NA	barrnap:0.9
feab65ad6f9b83dcbf76c03e8d2c9727	3e-30	8.6e-59	NA	NA	barrnap:0.9
feb1c288cd46f6fd9bc3c2c35970cbdf	1.2e-32	2.7e-59	NA	NA	barrnap:0.9
febcb2f6ae84a6f8aa74ac7c240555c5	9.5e-26	1.3e-51	NA	NA	barrnap:0.9
fef6d2ec7f7bf8bda7e0d4b68acef3b3	2.6e-28	3.2e-59	NA	NA	barrnap:0.9
ff28d6c4fe7f9391a4efdacc9d325549	5.5e-23	7.6e-48	NA	NA	barrnap:0.9
ff2be076cf928bdf0eb0935b49878911	5.9e-30	2.2e-57	NA	NA	barrnap:0.9
ff30b3d451a318cb5fcf4a87f83927ad	4e-32	1.1e-58	NA	NA	barrnap:0.9
ff3739dd5a3c35cf09f01a391ce07570	3.2e-31	3.7e-58	NA	NA	barrnap:0.9
ff48ea2b9d30c737b53aeb9841179d57	7.9e-30	1.5e-58	NA	NA	barrnap:0.9
ff9d93d7b7e46787568f2d241caeaf3b	2.9e-33	6.5e-59	NA	NA	barrnap:0.9
ffac4ec15a9162aa65951455b9652aeb	6.2e-26	2.4e-46	NA	NA	barrnap:0.9
ffb00d937d4889457268d9f08979551d	1.4e-31	5e-59	NA	NA	barrnap:0.9
